sim_id	query_name	thread_id	thread_type	order_id	number_of_results	runtime	flag	correct
Bla_N1_64_Ont_Opt	queries/xzaub	1.0	warmup	1.0	0.0	0.164709896	SUCCESS	INCORRECT
Bla_N1_64_Ont_Opt	queries/xdm	1.0	warmup	2.0	0.0	0.055762834000000004	SUCCESS	CORRECT
Bla_N1_64_Ont_Opt	queries/xzalo	1.0	warmup	3.0	1.0	52.323868387000005	SUCCESS	CORRECT
Bla_N1_64_Ont_Opt	queries/xjf	1.0	warmup	4.0	-1.0	1200.0	TIMEOUT	INCORRECT
Bla_N1_64_Ont_Opt	queries/xyc	1.0	warmup	5.0	-1.0	1200.0	TIMEOUT	INCORRECT
Bla_N1_64_Ont_Opt	queries/xzase	1.0	warmup	6.0	-1.0	1200.0	TIMEOUT	INCORRECT
Bla_N1_64_Ont_Opt	queries/xnt	1.0	warmup	7.0	1.0	0.053037172	SUCCESS	CORRECT
Bla_N1_64_Ont_Opt	queries/xzady	1.0	warmup	8.0	-1.0	1200.0	TIMEOUT	INCORRECT
Bla_N1_64_Ont_Opt	queries/xtt	1.0	warmup	9.0	1.0	0.113450285	SUCCESS	CORRECT
Bla_N1_64_Ont_Opt	queries/xut	1.0	warmup	10.0	1.0	517.668039313	SUCCESS	CORRECT
Bla_N1_64_Ont_Opt	queries/xbm	1.0	warmup	11.0	-1.0	1200.0	TIMEOUT	INCORRECT
Bla_N1_64_Ont_Opt	queries/xsx	1.0	warmup	12.0	0.0	0.085060361	SUCCESS	CORRECT
Bla_N1_64_Ont_Opt	queries/xel	1.0	warmup	13.0	-1.0	1200.0	TIMEOUT	INCORRECT
Bla_N1_64_Ont_Opt	queries/xeu	1.0	warmup	14.0	-1.0	1200.0	TIMEOUT	INCORRECT
Bla_N1_64_Ont_Opt	queries/xwo	1.0	warmup	15.0	1.0	6.796280015000002	SUCCESS	CORRECT
Bla_N1_64_Ont_Opt	queries/xsl	1.0	warmup	16.0	1.0	0.054855259	SUCCESS	CORRECT
Bla_N1_64_Ont_Opt	queries/xzauv	1.0	warmup	17.0	-1.0	1200.0	TIMEOUT	INCORRECT
Bla_N1_64_Ont_Opt	queries/xlv	1.0	warmup	18.0	0.0	26.696181611999997	SUCCESS	CORRECT
Bla_N1_64_Ont_Opt	queries/xht	1.0	warmup	19.0	0.0	0.21310532899999998	SUCCESS	CORRECT
Bla_N1_64_Ont_Opt	queries/xmt	1.0	warmup	20.0	-1.0	1200.0	TIMEOUT	INCORRECT
Bla_N1_64_Ont_Opt	queries/xzakg	1.0	warmup	21.0	0.0	63.230673632	SUCCESS	CORRECT
Bla_N1_64_Ont_Opt	queries/xzado	1.0	warmup	22.0	0.0	0.070758295	SUCCESS	CORRECT
Bla_N1_64_Ont_Opt	queries/xzafy	1.0	warmup	23.0	-1.0	1200.0	TIMEOUT	INCORRECT
Bla_N1_64_Ont_Opt	queries/xwz	1.0	warmup	24.0	-1.0	1200.0	TIMEOUT	INCORRECT
Bla_N1_64_Ont_Opt	queries/xzadw	1.0	warmup	25.0	1.0	115.860883696	SUCCESS	CORRECT
Bla_N1_64_Ont_Opt	queries/xzagg	1.0	warmup	26.0	1.0	651.5739472930001	SUCCESS	CORRECT
Bla_N1_64_Ont_Opt	queries/xzavw	1.0	warmup	27.0	-1.0	1200.0	TIMEOUT	INCORRECT
Bla_N1_64_Ont_Opt	queries/xsg	1.0	warmup	28.0	1.0	2.9853021660000003	SUCCESS	CORRECT
Bla_N1_64_Ont_Opt	queries/xzarw	1.0	warmup	29.0	-1.0	1200.0	TIMEOUT	INCORRECT
Bla_N1_64_Ont_Opt	queries/xzaga	1.0	warmup	30.0	0.0	14.940707872	SUCCESS	CORRECT
Bla_N1_64_Ont_Opt	queries/xfx	1.0	warmup	31.0	1.0	0.134530365	SUCCESS	CORRECT
Bla_N1_64_Ont_Opt	queries/xnl	1.0	warmup	32.0	1.0	0.050367061	SUCCESS	CORRECT
Bla_N1_64_Ont_Opt	queries/xdq	1.0	warmup	33.0	1.0	0.07184173099999999	SUCCESS	CORRECT
Bla_N1_64_Ont_Opt	queries/xzans	1.0	warmup	34.0	-1.0	1200.0	TIMEOUT	INCORRECT
Bla_N1_64_Ont_Opt	queries/xzaca	1.0	warmup	35.0	1.0	8.318150369000001	SUCCESS	CORRECT
Bla_N1_64_Ont_Opt	queries/xfu	1.0	warmup	36.0	1.0	0.057615914000000004	SUCCESS	CORRECT
Bla_N1_64_Ont_Opt	queries/xzahv	1.0	warmup	37.0	-1.0	1200.0	TIMEOUT	INCORRECT
Bla_N1_64_Ont_Opt	queries/xid	1.0	warmup	38.0	1.0	178.03719582600002	SUCCESS	CORRECT
Bla_N1_64_Ont_Opt	queries/xmr	1.0	warmup	39.0	1.0	0.34217292899999996	SUCCESS	CORRECT
Bla_N1_64_Ont_Opt	queries/xzabe	1.0	warmup	40.0	1.0	0.18325055	SUCCESS	CORRECT
Bla_N1_64_Ont_Opt	queries/xzafx	1.0	warmup	41.0	0.0	0.077924504	SUCCESS	CORRECT
Bla_N1_64_Ont_Opt	queries/xzahr	1.0	warmup	42.0	1.0	74.83704932200001	SUCCESS	CORRECT
Bla_N1_64_Ont_Opt	queries/xui	1.0	warmup	43.0	-1.0	1200.0	TIMEOUT	INCORRECT
Bla_N1_64_Ont_Opt	queries/xzabc	1.0	warmup	44.0	1.0	119.957330865	SUCCESS	CORRECT
Bla_N1_64_Ont_Opt	queries/xuy	1.0	warmup	45.0	0.0	0.17199630100000002	SUCCESS	CORRECT
Bla_N1_64_Ont_Opt	queries/xow	1.0	warmup	46.0	0.0	0.11096204900000001	SUCCESS	CORRECT
Bla_N1_64_Ont_Opt	queries/xuq	1.0	warmup	47.0	1.0	88.674527177	SUCCESS	CORRECT
Bla_N1_64_Ont_Opt	queries/xar	1.0	warmup	48.0	1.0	0.083620636	SUCCESS	CORRECT
Bla_N1_64_Ont_Opt	queries/xnx	1.0	warmup	49.0	7.0	306.407729274	SUCCESS	CORRECT
Bla_N1_64_Ont_Opt	queries/xos	1.0	warmup	50.0	1.0	75.06409776400001	SUCCESS	CORRECT
Bla_N1_64_Ont_Opt	queries/xzaeb	1.0	warmup	51.0	7.0	0.16475562300000002	SUCCESS	CORRECT
Bla_N1_64_Ont_Opt	queries/xzaaq	1.0	warmup	52.0	-1.0	1200.0	TIMEOUT	INCORRECT
Bla_N1_64_Ont_Opt	queries/xzaqv	1.0	warmup	53.0	1.0	1155.572847875	SUCCESS	CORRECT
Bla_N1_64_Ont_Opt	queries/xqc	1.0	warmup	54.0	-1.0	1200.0	TIMEOUT	INCORRECT
Bla_N1_64_Ont_Opt	queries/xzaln	1.0	warmup	55.0	0.0	12.885360660999998	SUCCESS	CORRECT
Bla_N1_64_Ont_Opt	queries/xgc	1.0	warmup	56.0	-1.0	1200.0	TIMEOUT	INCORRECT
Bla_N1_64_Ont_Opt	queries/xzapo	1.0	warmup	57.0	-1.0	1200.0	TIMEOUT	INCORRECT
Bla_N1_64_Ont_Opt	queries/xab	1.0	warmup	58.0	-1.0	1200.0	TIMEOUT	INCORRECT
Bla_N1_64_Ont_Opt	queries/xzavt	1.0	warmup	59.0	-1.0	1200.0	TIMEOUT	INCORRECT
Bla_N1_64_Ont_Opt	queries/xzajs	1.0	warmup	60.0	-1.0	1200.0	TIMEOUT	INCORRECT
Bla_N1_64_Ont_Opt	queries/xem	1.0	warmup	61.0	-1.0	1200.0	TIMEOUT	INCORRECT
Bla_N1_64_Ont_Opt	queries/xzamw	1.0	warmup	62.0	-1.0	1200.0	TIMEOUT	INCORRECT
Bla_N1_64_Ont_Opt	queries/xzatr	1.0	warmup	63.0	-1.0	1200.0	TIMEOUT	INCORRECT
Bla_N1_64_Ont_Opt	queries/xmp	1.0	warmup	64.0	-1.0	1200.0	TIMEOUT	INCORRECT
Bla_N1_64_Ont_Opt	queries/xia	1.0	warmup	65.0	-1.0	1200.0	TIMEOUT	INCORRECT
Bla_N1_64_Ont_Opt	queries/xer	1.0	warmup	66.0	-1.0	1200.0	TIMEOUT	INCORRECT
Bla_N1_64_Ont_Opt	queries/xyz	1.0	warmup	67.0	-1.0	1200.0	TIMEOUT	INCORRECT
Bla_N1_64_Ont_Opt	queries/xra	1.0	warmup	68.0	-1.0	1200.0	TIMEOUT	INCORRECT
Bla_N1_64_Ont_Opt	queries/xzako	1.0	warmup	69.0	-1.0	1200.0	TIMEOUT	INCORRECT
Bla_N1_64_Ont_Opt	queries/xnr	1.0	warmup	70.0	-1.0	1200.0	TIMEOUT	INCORRECT
Bla_N1_64_Ont_Opt	queries/xhd	1.0	warmup	71.0	-1.0	1200.0	TIMEOUT	INCORRECT
Bla_N1_64_Ont_Opt	queries/xzaut	1.0	warmup	72.0	-1.0	1200.0	TIMEOUT	INCORRECT
Bla_N1_64_Ont_Opt	queries/xhh	1.0	warmup	73.0	-1.0	1200.0	TIMEOUT	INCORRECT
Bla_N1_64_Ont_Opt	queries/xgf	1.0	warmup	74.0	-1.0	1200.0	TIMEOUT	INCORRECT
Bla_N1_64_Ont_Opt	queries/xrm	1.0	warmup	75.0	-1.0	1200.0	TIMEOUT	INCORRECT
Bla_N1_64_Ont_Opt	queries/xfb	1.0	warmup	76.0	-1.0	1200.0	TIMEOUT	INCORRECT
Bla_N1_64_Ont_Opt	queries/xto	1.0	warmup	77.0	-1.0	1200.0	TIMEOUT	INCORRECT
Bla_N1_64_Ont_Opt	queries/xqn	1.0	warmup	78.0	-1.0	1200.0	TIMEOUT	INCORRECT
Bla_N1_64_Ont_Opt	queries/xzapx	1.0	warmup	79.0	-1.0	1200.0	TIMEOUT	INCORRECT
Bla_N1_64_Ont_Opt	queries/xbb	1.0	warmup	80.0	-1.0	1200.0	TIMEOUT	INCORRECT
Bla_N1_64_Ont_Opt	queries/xnp	1.0	warmup	81.0	-1.0	1200.0	TIMEOUT	INCORRECT
Bla_N1_64_Ont_Opt	queries/xzacv	1.0	warmup	82.0	-1.0	1200.0	TIMEOUT	INCORRECT
Bla_N1_64_Ont_Opt	queries/xzavs	1.0	warmup	83.0	-1.0	1200.0	TIMEOUT	INCORRECT
Bla_N1_64_Ont_Opt	queries/xxo	1.0	warmup	84.0	-1.0	1200.0	TIMEOUT	INCORRECT
Bla_N1_64_Ont_Opt	queries/xzapp	1.0	warmup	85.0	-1.0	1200.0	TIMEOUT	INCORRECT
Bla_N1_64_Ont_Opt	queries/xit	1.0	warmup	86.0	-1.0	1200.0	TIMEOUT	INCORRECT
Bla_N1_64_Ont_Opt	queries/xkh	1.0	warmup	87.0	-1.0	1200.0	TIMEOUT	INCORRECT
Bla_N1_64_Ont_Opt	queries/xzabr	1.0	warmup	88.0	-1.0	1200.0	TIMEOUT	INCORRECT
Bla_N1_64_Ont_Opt	queries/xdn	1.0	warmup	89.0	-1.0	1200.0	TIMEOUT	INCORRECT
Bla_N1_64_Ont_Opt	queries/xzagf	1.0	warmup	90.0	-1.0	1200.0	TIMEOUT	INCORRECT
Bla_N1_64_Ont_Opt	queries/xzanc	1.0	warmup	91.0	-1.0	1200.0	TIMEOUT	INCORRECT
Bla_N1_64_Ont_Opt	queries/xur	1.0	warmup	92.0	-1.0	1200.0	TIMEOUT	INCORRECT
Bla_N1_64_Ont_Opt	queries/xzagp	1.0	warmup	93.0	-1.0	1200.0	TIMEOUT	INCORRECT
Bla_N1_64_Ont_Opt	queries/xqs	1.0	warmup	94.0	-1.0	1200.0	TIMEOUT	INCORRECT
Bla_N1_64_Ont_Opt	queries/xak	1.0	warmup	95.0	-1.0	1200.0	TIMEOUT	INCORRECT
Bla_N1_64_Ont_Opt	queries/xrj	1.0	warmup	96.0	-1.0	1200.0	TIMEOUT	INCORRECT
Bla_N1_64_Ont_Opt	queries/xsk	1.0	warmup	97.0	-1.0	1200.0	TIMEOUT	INCORRECT
Bla_N1_64_Ont_Opt	queries/xzaef	1.0	warmup	98.0	-1.0	1200.0	TIMEOUT	INCORRECT
Bla_N1_64_Ont_Opt	queries/xzarn	1.0	warmup	99.0	-1.0	1200.0	TIMEOUT	INCORRECT
Bla_N1_64_Ont_Opt	queries/xzanl	1.0	warmup	100.0	-1.0	1200.0	TIMEOUT	INCORRECT
Bla_N1_64_Ont_Opt	queries/xyn	1.0	warmup	101.0	-1.0	1200.0	TIMEOUT	INCORRECT
Bla_N1_64_Ont_Opt	queries/xzaav	1.0	warmup	102.0	-1.0	1200.0	TIMEOUT	INCORRECT
Bla_N1_64_Ont_Opt	queries/xzago	1.0	warmup	103.0	-1.0	1200.0	TIMEOUT	INCORRECT
Bla_N1_64_Ont_Opt	queries/xew	1.0	warmup	104.0	-1.0	1200.0	TIMEOUT	INCORRECT
Bla_N1_64_Ont_Opt	queries/xzaib	1.0	warmup	105.0	-1.0	1200.0	TIMEOUT	INCORRECT
Bla_N1_64_Ont_Opt	queries/xzahx	1.0	warmup	106.0	-1.0	1200.0	TIMEOUT	INCORRECT
Bla_N1_64_Ont_Opt	queries/xzaox	1.0	warmup	107.0	-1.0	1200.0	TIMEOUT	INCORRECT
Bla_N1_64_Ont_Opt	queries/xzabl	1.0	warmup	108.0	-1.0	1200.0	TIMEOUT	INCORRECT
Bla_N1_64_Ont_Opt	queries/xck	1.0	warmup	109.0	-1.0	1200.0	TIMEOUT	INCORRECT
Bla_N1_64_Ont_Opt	queries/xev	1.0	warmup	110.0	-1.0	1200.0	TIMEOUT	INCORRECT
Bla_N1_64_Ont_Opt	queries/xzagh	1.0	warmup	111.0	-1.0	1200.0	TIMEOUT	INCORRECT
Bla_N1_64_Ont_Opt	queries/xkw	1.0	warmup	112.0	-1.0	1200.0	TIMEOUT	INCORRECT
Bla_N1_64_Ont_Opt	queries/xzajk	1.0	warmup	113.0	-1.0	1200.0	TIMEOUT	INCORRECT
Bla_N1_64_Ont_Opt	queries/xzafn	1.0	warmup	114.0	-1.0	1200.0	TIMEOUT	INCORRECT
Bla_N1_64_Ont_Opt	queries/xzajn	1.0	warmup	115.0	-1.0	1200.0	TIMEOUT	INCORRECT
Bla_N1_64_Ont_Opt	queries/xzaih	1.0	warmup	116.0	-1.0	1200.0	TIMEOUT	INCORRECT
Bla_N1_64_Ont_Opt	queries/xhs	1.0	warmup	117.0	-1.0	1200.0	TIMEOUT	INCORRECT
Bla_N1_64_Ont_Opt	queries/xzavf	1.0	warmup	118.0	-1.0	1200.0	TIMEOUT	INCORRECT
Bla_N1_64_Ont_Opt	queries/xnw	1.0	warmup	119.0	-1.0	1200.0	TIMEOUT	INCORRECT
Bla_N1_64_Ont_Opt	queries/xzags	1.0	warmup	120.0	-1.0	1200.0	TIMEOUT	INCORRECT
Bla_N1_64_Ont_Opt	queries/xzavm	1.0	warmup	121.0	-1.0	1200.0	TIMEOUT	INCORRECT
Bla_N1_64_Ont_Opt	queries/xqx	1.0	warmup	122.0	-1.0	1200.0	TIMEOUT	INCORRECT
Bla_N1_64_Ont_Opt	queries/xzapw	1.0	warmup	123.0	-1.0	1200.0	TIMEOUT	INCORRECT
Bla_N1_64_Ont_Opt	queries/xzalk	1.0	warmup	124.0	-1.0	1200.0	TIMEOUT	INCORRECT
Bla_N1_64_Ont_Opt	queries/xzavn	1.0	warmup	125.0	-1.0	1200.0	TIMEOUT	INCORRECT
Bla_N1_64_Ont_Opt	queries/xhc	1.0	warmup	126.0	-1.0	1200.0	TIMEOUT	INCORRECT
Bla_N1_64_Ont_Opt	queries/xzalh	1.0	warmup	127.0	-1.0	1200.0	TIMEOUT	INCORRECT
Bla_N1_64_Ont_Opt	queries/xzadg	1.0	warmup	128.0	-1.0	1200.0	TIMEOUT	INCORRECT
Bla_N1_64_Ont_Opt	queries/xgd	1.0	warmup	129.0	-1.0	1200.0	TIMEOUT	INCORRECT
Bla_N1_64_Ont_Opt	queries/xho	1.0	warmup	130.0	-1.0	1200.0	TIMEOUT	INCORRECT
Bla_N1_64_Ont_Opt	queries/xzapi	1.0	warmup	131.0	-1.0	1200.0	TIMEOUT	INCORRECT
Bla_N1_64_Ont_Opt	queries/xzaor	1.0	warmup	132.0	-1.0	1200.0	TIMEOUT	INCORRECT
Bla_N1_64_Ont_Opt	queries/xgy	1.0	warmup	133.0	-1.0	1200.0	TIMEOUT	INCORRECT
Bla_N1_64_Ont_Opt	queries/xzand	1.0	warmup	134.0	-1.0	1200.0	TIMEOUT	INCORRECT
Bla_N1_64_Ont_Opt	queries/xzarz	1.0	warmup	135.0	-1.0	1200.0	TIMEOUT	INCORRECT
Bla_N1_64_Ont_Opt	queries/xzavl	1.0	warmup	136.0	-1.0	1200.0	TIMEOUT	INCORRECT
Bla_N1_64_Ont_Opt	queries/xke	1.0	warmup	137.0	-1.0	1200.0	TIMEOUT	INCORRECT
Bla_N1_64_Ont_Opt	queries/xzajy	1.0	warmup	138.0	-1.0	1200.0	TIMEOUT	INCORRECT
Bla_N1_64_Ont_Opt	queries/xzaqk	1.0	warmup	139.0	-1.0	1200.0	TIMEOUT	INCORRECT
Bla_N1_64_Ont_Opt	queries/xuc	1.0	warmup	140.0	-1.0	1200.0	TIMEOUT	INCORRECT
Bla_N1_64_Ont_Opt	queries/xzasb	1.0	warmup	141.0	-1.0	1200.0	TIMEOUT	INCORRECT
Bla_N1_64_Ont_Opt	queries/xzalm	1.0	warmup	142.0	-1.0	1200.0	TIMEOUT	INCORRECT
Bla_N1_64_Ont_Opt	queries/xfy	1.0	warmup	143.0	-1.0	1200.0	TIMEOUT	INCORRECT
Bla_N1_64_Ont_Opt	queries/xzabs	1.0	warmup	144.0	-1.0	1200.0	TIMEOUT	INCORRECT
Bla_N1_64_Ont_Opt	queries/xmm	1.0	warmup	145.0	-1.0	1200.0	TIMEOUT	INCORRECT
Bla_N1_64_Ont_Opt	queries/xzamm	1.0	warmup	146.0	-1.0	1200.0	TIMEOUT	INCORRECT
Bla_N1_64_Ont_Opt	queries/xvt	1.0	warmup	147.0	-1.0	1200.0	TIMEOUT	INCORRECT
Bla_N1_64_Ont_Opt	queries/xpn	1.0	warmup	148.0	-1.0	1200.0	TIMEOUT	INCORRECT
Bla_N1_64_Ont_Opt	queries/xnh	1.0	warmup	149.0	-1.0	1200.0	TIMEOUT	INCORRECT
Bla_N1_64_Ont_Opt	queries/xlf	1.0	warmup	150.0	-1.0	1200.0	TIMEOUT	INCORRECT
Bla_N1_64_Ont_Opt	queries/xpf	1.0	warmup	151.0	-1.0	1200.0	TIMEOUT	INCORRECT
Bla_N1_64_Ont_Opt	queries/xxg	1.0	warmup	152.0	-1.0	1200.0	TIMEOUT	INCORRECT
Bla_N1_64_Ont_Opt	queries/xzaiu	1.0	warmup	153.0	-1.0	1200.0	TIMEOUT	INCORRECT
Bla_N1_64_Ont_Opt	queries/xzaob	1.0	warmup	154.0	-1.0	1200.0	TIMEOUT	INCORRECT
Bla_N1_64_Ont_Opt	queries/xeb	1.0	warmup	155.0	-1.0	1200.0	TIMEOUT	INCORRECT
Bla_N1_64_Ont_Opt	queries/xsc	1.0	warmup	156.0	-1.0	1200.0	TIMEOUT	INCORRECT
Bla_N1_64_Ont_Opt	queries/xmh	1.0	warmup	157.0	-1.0	1200.0	TIMEOUT	INCORRECT
Bla_N1_64_Ont_Opt	queries/xcn	1.0	warmup	158.0	-1.0	1200.0	TIMEOUT	INCORRECT
Bla_N1_64_Ont_Opt	queries/xzaql	1.0	warmup	159.0	-1.0	1200.0	TIMEOUT	INCORRECT
Bla_N1_64_Ont_Opt	queries/xzara	1.0	warmup	160.0	-1.0	1200.0	TIMEOUT	INCORRECT
Bla_N1_64_Ont_Opt	queries/xzadh	1.0	warmup	161.0	-1.0	1200.0	TIMEOUT	INCORRECT
Bla_N1_64_Ont_Opt	queries/xzaiv	1.0	warmup	162.0	-1.0	1200.0	TIMEOUT	INCORRECT
Bla_N1_64_Ont_Opt	queries/xst	1.0	warmup	163.0	-1.0	1200.0	TIMEOUT	INCORRECT
Bla_N1_64_Ont_Opt	queries/xzawa	1.0	warmup	164.0	-1.0	1200.0	TIMEOUT	INCORRECT
Bla_N1_64_Ont_Opt	queries/xzalq	1.0	warmup	165.0	-1.0	1200.0	TIMEOUT	INCORRECT
Bla_N1_64_Ont_Opt	queries/xat	1.0	warmup	166.0	-1.0	1200.0	TIMEOUT	INCORRECT
Bla_N1_64_Ont_Opt	queries/xzavz	1.0	warmup	167.0	-1.0	1200.0	TIMEOUT	INCORRECT
Bla_N1_64_Ont_Opt	queries/xzauf	1.0	warmup	168.0	-1.0	1200.0	TIMEOUT	INCORRECT
Bla_N1_64_Ont_Opt	queries/xzafk	1.0	warmup	169.0	-1.0	1200.0	TIMEOUT	INCORRECT
Bla_N1_64_Ont_Opt	queries/xzaue	1.0	warmup	170.0	-1.0	1200.0	TIMEOUT	INCORRECT
Bla_N1_64_Ont_Opt	queries/xzakq	1.0	warmup	171.0	-1.0	1200.0	TIMEOUT	INCORRECT
Bla_N1_64_Ont_Opt	queries/xzajq	1.0	warmup	172.0	-1.0	1200.0	TIMEOUT	INCORRECT
Bla_N1_64_Ont_Opt	queries/xzauu	1.0	warmup	173.0	-1.0	1200.0	TIMEOUT	INCORRECT
Bla_N1_64_Ont_Opt	queries/xes	1.0	warmup	174.0	-1.0	1200.0	TIMEOUT	INCORRECT
Bla_N1_64_Ont_Opt	queries/xzasl	1.0	warmup	175.0	-1.0	1200.0	TIMEOUT	INCORRECT
Bla_N1_64_Ont_Opt	queries/xty	1.0	warmup	176.0	-1.0	1200.0	TIMEOUT	INCORRECT
Bla_N1_64_Ont_Opt	queries/xzacb	1.0	warmup	177.0	-1.0	1200.0	TIMEOUT	INCORRECT
Bla_N1_64_Ont_Opt	queries/xzakh	1.0	warmup	178.0	-1.0	1200.0	TIMEOUT	INCORRECT
Bla_N1_64_Ont_Opt	queries/xzadk	1.0	warmup	179.0	-1.0	1200.0	TIMEOUT	INCORRECT
Bla_N1_64_Ont_Opt	queries/xtn	1.0	warmup	180.0	-1.0	1200.0	TIMEOUT	INCORRECT
Bla_N1_64_Ont_Opt	queries/xzatx	1.0	warmup	181.0	-1.0	1200.0	TIMEOUT	INCORRECT
Bla_N1_64_Ont_Opt	queries/xap	1.0	warmup	182.0	-1.0	1200.0	TIMEOUT	INCORRECT
Bla_N1_64_Ont_Opt	queries/xzaqh	1.0	warmup	183.0	-1.0	1200.0	TIMEOUT	INCORRECT
Bla_N1_64_Ont_Opt	queries/xsa	1.0	warmup	184.0	-1.0	1200.0	TIMEOUT	INCORRECT
Bla_N1_64_Ont_Opt	queries/xlh	1.0	warmup	185.0	-1.0	1200.0	TIMEOUT	INCORRECT
Bla_N1_64_Ont_Opt	queries/xln	1.0	warmup	186.0	-1.0	1200.0	TIMEOUT	INCORRECT
Bla_N1_64_Ont_Opt	queries/xzald	1.0	warmup	187.0	-1.0	1200.0	TIMEOUT	INCORRECT
Bla_N1_64_Ont_Opt	queries/xql	1.0	warmup	188.0	-1.0	1200.0	TIMEOUT	INCORRECT
Bla_N1_64_Ont_Opt	queries/xdj	1.0	warmup	189.0	-1.0	1200.0	TIMEOUT	INCORRECT
Bla_N1_64_Ont_Opt	queries/xzaof	1.0	warmup	190.0	-1.0	1200.0	TIMEOUT	INCORRECT
Bla_N1_64_Ont_Opt	queries/xzakl	1.0	warmup	191.0	-1.0	1200.0	TIMEOUT	INCORRECT
Bla_N1_64_Ont_Opt	queries/xaf	1.0	warmup	192.0	-1.0	1200.0	TIMEOUT	INCORRECT
Bla_N1_64_Ont_Opt	queries/xxy	1.0	warmup	193.0	-1.0	1200.0	TIMEOUT	INCORRECT
Bla_N1_64_Ont_Opt	queries/xzaja	1.0	warmup	194.0	-1.0	1200.0	TIMEOUT	INCORRECT
Bla_N1_64_Ont_Opt	queries/xzaaz	1.0	warmup	195.0	-1.0	1200.0	TIMEOUT	INCORRECT
Bla_N1_64_Ont_Opt	queries/xzamg	1.0	warmup	196.0	-1.0	1200.0	TIMEOUT	INCORRECT
Bla_N1_64_Ont_Opt	queries/xrp	1.0	warmup	197.0	-1.0	1200.0	TIMEOUT	INCORRECT
Bla_N1_64_Ont_Opt	queries/xzaqe	1.0	warmup	198.0	-1.0	1200.0	TIMEOUT	INCORRECT
Bla_N1_64_Ont_Opt	queries/xzaok	1.0	warmup	199.0	-1.0	1200.0	TIMEOUT	INCORRECT
Bla_N1_64_Ont_Opt	queries/xws	1.0	warmup	200.0	-1.0	1200.0	TIMEOUT	INCORRECT
Bla_N1_64_Ont_Opt	queries/xzatg	1.0	warmup	201.0	-1.0	1200.0	TIMEOUT	INCORRECT
Bla_N1_64_Ont_Opt	queries/xwd	1.0	warmup	202.0	-1.0	1200.0	TIMEOUT	INCORRECT
Bla_N1_64_Ont_Opt	queries/xzaai	1.0	warmup	203.0	-1.0	1200.0	TIMEOUT	INCORRECT
Bla_N1_64_Ont_Opt	queries/xzahp	1.0	warmup	204.0	-1.0	1200.0	TIMEOUT	INCORRECT
Bla_N1_64_Ont_Opt	queries/xzaqd	1.0	warmup	205.0	-1.0	1200.0	TIMEOUT	INCORRECT
Bla_N1_64_Ont_Opt	queries/xzasf	1.0	warmup	206.0	-1.0	1200.0	TIMEOUT	INCORRECT
Bla_N1_64_Ont_Opt	queries/xhu	1.0	warmup	207.0	-1.0	1200.0	TIMEOUT	INCORRECT
Bla_N1_64_Ont_Opt	queries/xlr	1.0	warmup	208.0	-1.0	1200.0	TIMEOUT	INCORRECT
Bla_N1_64_Ont_Opt	queries/xzafw	1.0	warmup	209.0	-1.0	1200.0	TIMEOUT	INCORRECT
Bla_N1_64_Ont_Opt	queries/xzabq	1.0	warmup	210.0	-1.0	1200.0	TIMEOUT	INCORRECT
Bla_N1_64_Ont_Opt	queries/xii	1.0	warmup	211.0	-1.0	1200.0	TIMEOUT	INCORRECT
Bla_N1_64_Ont_Opt	queries/xqt	1.0	warmup	212.0	-1.0	1200.0	TIMEOUT	INCORRECT
Bla_N1_64_Ont_Opt	queries/xzahe	1.0	warmup	213.0	-1.0	1200.0	TIMEOUT	INCORRECT
Bla_N1_64_Ont_Opt	queries/xzafb	1.0	warmup	214.0	-1.0	1200.0	TIMEOUT	INCORRECT
Bla_N1_64_Ont_Opt	queries/xlw	1.0	warmup	215.0	-1.0	1200.0	TIMEOUT	INCORRECT
Bla_N1_64_Ont_Opt	queries/xtj	1.0	warmup	216.0	-1.0	1200.0	TIMEOUT	INCORRECT
Bla_N1_64_Ont_Opt	queries/xco	1.0	warmup	217.0	-1.0	1200.0	TIMEOUT	INCORRECT
Bla_N1_64_Ont_Opt	queries/xac	1.0	warmup	218.0	-1.0	1200.0	TIMEOUT	INCORRECT
Bla_N1_64_Ont_Opt	queries/xzagc	1.0	warmup	219.0	-1.0	1200.0	TIMEOUT	INCORRECT
Bla_N1_64_Ont_Opt	queries/xxf	1.0	warmup	220.0	-1.0	1200.0	TIMEOUT	INCORRECT
Bla_N1_64_Ont_Opt	queries/xkd	1.0	warmup	221.0	-1.0	1200.0	TIMEOUT	INCORRECT
Bla_N1_64_Ont_Opt	queries/xof	1.0	warmup	222.0	-1.0	1200.0	TIMEOUT	INCORRECT
Bla_N1_64_Ont_Opt	queries/xps	1.0	warmup	223.0	-1.0	1200.0	TIMEOUT	INCORRECT
Bla_N1_64_Ont_Opt	queries/xzamj	1.0	warmup	224.0	-1.0	1200.0	TIMEOUT	INCORRECT
Bla_N1_64_Ont_Opt	queries/xda	1.0	warmup	225.0	-1.0	1200.0	TIMEOUT	INCORRECT
Bla_N1_64_Ont_Opt	queries/xzafi	1.0	warmup	226.0	-1.0	1200.0	TIMEOUT	INCORRECT
Bla_N1_64_Ont_Opt	queries/xzaoc	1.0	warmup	227.0	-1.0	1200.0	TIMEOUT	INCORRECT
Bla_N1_64_Ont_Opt	queries/xzaqr	1.0	warmup	228.0	-1.0	1200.0	TIMEOUT	INCORRECT
Bla_N1_64_Ont_Opt	queries/xzash	1.0	warmup	229.0	-1.0	1200.0	TIMEOUT	INCORRECT
Bla_N1_64_Ont_Opt	queries/xzamz	1.0	warmup	230.0	-1.0	1200.0	TIMEOUT	INCORRECT
Bla_N1_64_Ont_Opt	queries/xms	1.0	warmup	231.0	-1.0	1200.0	TIMEOUT	INCORRECT
Bla_N1_64_Ont_Opt	queries/xgx	1.0	warmup	232.0	-1.0	1200.0	TIMEOUT	INCORRECT
Bla_N1_64_Ont_Opt	queries/xqg	1.0	warmup	233.0	-1.0	1200.0	TIMEOUT	INCORRECT
Bla_N1_64_Ont_Opt	queries/xih	1.0	warmup	234.0	-1.0	1200.0	TIMEOUT	INCORRECT
Bla_N1_64_Ont_Opt	queries/xzamv	1.0	warmup	235.0	-1.0	1200.0	TIMEOUT	INCORRECT
Bla_N1_64_Ont_Opt	queries/xzaeu	1.0	warmup	236.0	-1.0	1200.0	TIMEOUT	INCORRECT
Bla_N1_64_Ont_Opt	queries/xpv	1.0	warmup	237.0	-1.0	1200.0	TIMEOUT	INCORRECT
Bla_N1_64_Ont_Opt	queries/xzaqo	1.0	warmup	238.0	-1.0	1200.0	TIMEOUT	INCORRECT
Bla_N1_64_Ont_Opt	queries/xzaph	1.0	warmup	239.0	-1.0	1200.0	TIMEOUT	INCORRECT
Bla_N1_64_Ont_Opt	queries/xtm	1.0	warmup	240.0	-1.0	1200.0	TIMEOUT	INCORRECT
Bla_N1_64_Ont_Opt	queries/xxi	1.0	warmup	241.0	-1.0	1200.0	TIMEOUT	INCORRECT
Bla_N1_64_Ont_Opt	queries/xzanw	1.0	warmup	242.0	-1.0	1200.0	TIMEOUT	INCORRECT
Bla_N1_64_Ont_Opt	queries/xzanf	1.0	warmup	243.0	-1.0	1200.0	TIMEOUT	INCORRECT
Bla_N1_64_Ont_Opt	queries/xzagi	1.0	warmup	244.0	-1.0	1200.0	TIMEOUT	INCORRECT
Bla_N1_64_Ont_Opt	queries/xxr	1.0	warmup	245.0	-1.0	1200.0	TIMEOUT	INCORRECT
Bla_N1_64_Ont_Opt	queries/xzasy	1.0	warmup	246.0	-1.0	1200.0	TIMEOUT	INCORRECT
Bla_N1_64_Ont_Opt	queries/xhy	1.0	warmup	247.0	-1.0	1200.0	TIMEOUT	INCORRECT
Bla_N1_64_Ont_Opt	queries/xbf	1.0	warmup	248.0	-1.0	1200.0	TIMEOUT	INCORRECT
Bla_N1_64_Ont_Opt	queries/xdg	1.0	warmup	249.0	-1.0	1200.0	TIMEOUT	INCORRECT
Bla_N1_64_Ont_Opt	queries/xzagd	1.0	warmup	250.0	-1.0	1200.0	TIMEOUT	INCORRECT
Bla_N1_64_Ont_Opt	queries/xsy	1.0	warmup	251.0	-1.0	1200.0	TIMEOUT	INCORRECT
Bla_N1_64_Ont_Opt	queries/xzatu	1.0	warmup	252.0	-1.0	1200.0	TIMEOUT	INCORRECT
Bla_N1_64_Ont_Opt	queries/xzalg	1.0	warmup	253.0	-1.0	1200.0	TIMEOUT	INCORRECT
Bla_N1_64_Ont_Opt	queries/xzaji	1.0	warmup	254.0	-1.0	1200.0	TIMEOUT	INCORRECT
Bla_N1_64_Ont_Opt	queries/xfe	1.0	warmup	255.0	-1.0	1200.0	TIMEOUT	INCORRECT
Bla_N1_64_Ont_Opt	queries/xzafd	1.0	warmup	256.0	-1.0	1200.0	TIMEOUT	INCORRECT
Bla_N1_64_Ont_Opt	queries/xjv	1.0	warmup	257.0	-1.0	1200.0	TIMEOUT	INCORRECT
Bla_N1_64_Ont_Opt	queries/xzali	1.0	warmup	258.0	-1.0	1200.0	TIMEOUT	INCORRECT
Bla_N1_64_Ont_Opt	queries/xzapa	1.0	warmup	259.0	-1.0	1200.0	TIMEOUT	INCORRECT
Bla_N1_64_Ont_Opt	queries/xzaet	1.0	warmup	260.0	-1.0	1200.0	TIMEOUT	INCORRECT
Bla_N1_64_Ont_Opt	queries/xzajp	1.0	warmup	261.0	-1.0	1200.0	TIMEOUT	INCORRECT
Bla_N1_64_Ont_Opt	queries/xig	1.0	warmup	262.0	-1.0	1200.0	TIMEOUT	INCORRECT
Bla_N1_64_Ont_Opt	queries/xsi	1.0	warmup	263.0	-1.0	1200.0	TIMEOUT	INCORRECT
Bla_N1_64_Ont_Opt	queries/xzavb	1.0	warmup	264.0	-1.0	1200.0	TIMEOUT	INCORRECT
Bla_N1_64_Ont_Opt	queries/xzavo	1.0	warmup	265.0	-1.0	1200.0	TIMEOUT	INCORRECT
Bla_N1_64_Ont_Opt	queries/xrn	1.0	warmup	266.0	-1.0	1200.0	TIMEOUT	INCORRECT
Bla_N1_64_Ont_Opt	queries/xzadx	1.0	warmup	267.0	-1.0	1200.0	TIMEOUT	INCORRECT
Bla_N1_64_Ont_Opt	queries/xjq	1.0	warmup	268.0	-1.0	1200.0	TIMEOUT	INCORRECT
Bla_N1_64_Ont_Opt	queries/xzaqx	1.0	warmup	269.0	-1.0	1200.0	TIMEOUT	INCORRECT
Bla_N1_64_Ont_Opt	queries/xys	1.0	warmup	270.0	-1.0	1200.0	TIMEOUT	INCORRECT
Bla_N1_64_Ont_Opt	queries/xzaaj	1.0	warmup	271.0	-1.0	1200.0	TIMEOUT	INCORRECT
Bla_N1_64_Ont_Opt	queries/xmy	1.0	warmup	272.0	-1.0	1200.0	TIMEOUT	INCORRECT
Bla_N1_64_Ont_Opt	queries/xzapc	1.0	warmup	273.0	-1.0	1200.0	TIMEOUT	INCORRECT
Bla_N1_64_Ont_Opt	queries/xbj	1.0	warmup	274.0	-1.0	1200.0	TIMEOUT	INCORRECT
Bla_N1_64_Ont_Opt	queries/xfw	1.0	warmup	275.0	-1.0	1200.0	TIMEOUT	INCORRECT
Bla_N1_64_Ont_Opt	queries/xzavi	1.0	warmup	276.0	-1.0	1200.0	TIMEOUT	INCORRECT
Bla_N1_64_Ont_Opt	queries/xzava	1.0	warmup	277.0	-1.0	1200.0	TIMEOUT	INCORRECT
Bla_N1_64_Ont_Opt	queries/xhp	1.0	warmup	278.0	-1.0	1200.0	TIMEOUT	INCORRECT
Bla_N1_64_Ont_Opt	queries/xzaiz	1.0	warmup	279.0	-1.0	1200.0	TIMEOUT	INCORRECT
Bla_N1_64_Ont_Opt	queries/xzatm	1.0	warmup	280.0	-1.0	1200.0	TIMEOUT	INCORRECT
Bla_N1_64_Ont_Opt	queries/xzamq	1.0	warmup	281.0	-1.0	1200.0	TIMEOUT	INCORRECT
Bla_N1_64_Ont_Opt	queries/xlq	1.0	warmup	282.0	-1.0	1200.0	TIMEOUT	INCORRECT
Bla_N1_64_Ont_Opt	queries/xdy	1.0	warmup	283.0	-1.0	1200.0	TIMEOUT	INCORRECT
Bla_N1_64_Ont_Opt	queries/xzavk	1.0	warmup	284.0	-1.0	1200.0	TIMEOUT	INCORRECT
Bla_N1_64_Ont_Opt	queries/xuv	1.0	warmup	285.0	-1.0	1200.0	TIMEOUT	INCORRECT
Bla_N1_64_Ont_Opt	queries/xxe	1.0	warmup	286.0	-1.0	1200.0	TIMEOUT	INCORRECT
Bla_N1_64_Ont_Opt	queries/xsn	1.0	warmup	287.0	-1.0	1200.0	TIMEOUT	INCORRECT
Bla_N1_64_Ont_Opt	queries/xlu	1.0	warmup	288.0	-1.0	1200.0	TIMEOUT	INCORRECT
Bla_N1_64_Ont_Opt	queries/xee	1.0	warmup	289.0	-1.0	1200.0	TIMEOUT	INCORRECT
Bla_N1_64_Ont_Opt	queries/xma	1.0	warmup	290.0	-1.0	1200.0	TIMEOUT	INCORRECT
Bla_N1_64_Ont_Opt	queries/xpo	1.0	warmup	291.0	-1.0	1200.0	TIMEOUT	INCORRECT
Bla_N1_64_Ont_Opt	queries/xzalz	1.0	warmup	292.0	-1.0	1200.0	TIMEOUT	INCORRECT
Bla_N1_64_Ont_Opt	queries/xjy	1.0	warmup	293.0	-1.0	1200.0	TIMEOUT	INCORRECT
Bla_N1_64_Ont_Opt	queries/xzaim	1.0	warmup	294.0	-1.0	1200.0	TIMEOUT	INCORRECT
Bla_N1_64_Ont_Opt	queries/xgg	1.0	warmup	295.0	-1.0	1200.0	TIMEOUT	INCORRECT
Bla_N1_64_Ont_Opt	queries/xzatz	1.0	warmup	296.0	-1.0	1200.0	TIMEOUT	INCORRECT
Bla_N1_64_Ont_Opt	queries/xzadv	1.0	warmup	297.0	-1.0	1200.0	TIMEOUT	INCORRECT
Bla_N1_64_Ont_Opt	queries/xzafh	1.0	warmup	298.0	-1.0	1200.0	TIMEOUT	INCORRECT
Bla_N1_64_Ont_Opt	queries/xzaop	1.0	warmup	299.0	-1.0	1200.0	TIMEOUT	INCORRECT
Bla_N1_64_Ont_Opt	queries/xzamr	1.0	warmup	300.0	-1.0	1200.0	TIMEOUT	INCORRECT
Bla_N1_64_Ont_Opt	queries/xzalv	1.0	warmup	301.0	-1.0	1200.0	TIMEOUT	INCORRECT
Bla_N1_64_Ont_Opt	queries/xzaac	1.0	warmup	302.0	-1.0	1200.0	TIMEOUT	INCORRECT
Bla_N1_64_Ont_Opt	queries/xjz	1.0	warmup	303.0	-1.0	1200.0	TIMEOUT	INCORRECT
Bla_N1_64_Ont_Opt	queries/xzabh	1.0	warmup	304.0	-1.0	1200.0	TIMEOUT	INCORRECT
Bla_N1_64_Ont_Opt	queries/xun	1.0	warmup	305.0	-1.0	1200.0	TIMEOUT	INCORRECT
Bla_N1_64_Ont_Opt	queries/xoh	1.0	warmup	306.0	-1.0	1200.0	TIMEOUT	INCORRECT
Bla_N1_64_Ont_Opt	queries/xkz	1.0	warmup	307.0	-1.0	1200.0	TIMEOUT	INCORRECT
Bla_N1_64_Ont_Opt	queries/xoz	1.0	warmup	308.0	-1.0	1200.0	TIMEOUT	INCORRECT
Bla_N1_64_Ont_Opt	queries/xwl	1.0	warmup	309.0	-1.0	1200.0	TIMEOUT	INCORRECT
Bla_N1_64_Ont_Opt	queries/xzaun	1.0	warmup	310.0	-1.0	1200.0	TIMEOUT	INCORRECT
Bla_N1_64_Ont_Opt	queries/xzafs	1.0	warmup	311.0	-1.0	1200.0	TIMEOUT	INCORRECT
Bla_N1_64_Ont_Opt	queries/xri	1.0	warmup	312.0	-1.0	1200.0	TIMEOUT	INCORRECT
Bla_N1_64_Ont_Opt	queries/xzaly	1.0	warmup	313.0	-1.0	1200.0	TIMEOUT	INCORRECT
Bla_N1_64_Ont_Opt	queries/xzagw	1.0	warmup	314.0	-1.0	1200.0	TIMEOUT	INCORRECT
Bla_N1_64_Ont_Opt	queries/xhr	1.0	warmup	315.0	-1.0	1200.0	TIMEOUT	INCORRECT
Bla_N1_64_Ont_Opt	queries/xcz	1.0	warmup	316.0	-1.0	1200.0	TIMEOUT	INCORRECT
Bla_N1_64_Ont_Opt	queries/xez	1.0	warmup	317.0	-1.0	1200.0	TIMEOUT	INCORRECT
Bla_N1_64_Ont_Opt	queries/xzats	1.0	warmup	318.0	-1.0	1200.0	TIMEOUT	INCORRECT
Bla_N1_64_Ont_Opt	queries/xzaqf	1.0	warmup	319.0	-1.0	1200.0	TIMEOUT	INCORRECT
Bla_N1_64_Ont_Opt	queries/xyl	1.0	warmup	320.0	-1.0	1200.0	TIMEOUT	INCORRECT
Bla_N1_64_Ont_Opt	queries/xzaml	1.0	warmup	321.0	-1.0	1200.0	TIMEOUT	INCORRECT
Bla_N1_64_Ont_Opt	queries/xuj	1.0	warmup	322.0	-1.0	1200.0	TIMEOUT	INCORRECT
Bla_N1_64_Ont_Opt	queries/xmd	1.0	warmup	323.0	-1.0	1200.0	TIMEOUT	INCORRECT
Bla_N1_64_Ont_Opt	queries/xmg	1.0	warmup	324.0	-1.0	1200.0	TIMEOUT	INCORRECT
Bla_N1_64_Ont_Opt	queries/xzacn	1.0	warmup	325.0	-1.0	1200.0	TIMEOUT	INCORRECT
Bla_N1_64_Ont_Opt	queries/xnq	1.0	warmup	326.0	-1.0	1200.0	TIMEOUT	INCORRECT
Bla_N1_64_Ont_Opt	queries/xfl	1.0	warmup	327.0	-1.0	1200.0	TIMEOUT	INCORRECT
Bla_N1_64_Ont_Opt	queries/xzanv	1.0	warmup	328.0	-1.0	1200.0	TIMEOUT	INCORRECT
Bla_N1_64_Ont_Opt	queries/xzait	1.0	warmup	329.0	-1.0	1200.0	TIMEOUT	INCORRECT
Bla_N1_64_Ont_Opt	queries/xzavc	1.0	warmup	330.0	-1.0	1200.0	TIMEOUT	INCORRECT
Bla_N1_64_Ont_Opt	queries/xzaaw	1.0	warmup	331.0	-1.0	1200.0	TIMEOUT	INCORRECT
Bla_N1_64_Ont_Opt	queries/xnz	1.0	warmup	332.0	-1.0	1200.0	TIMEOUT	INCORRECT
Bla_N1_64_Ont_Opt	queries/xlo	1.0	warmup	333.0	-1.0	1200.0	TIMEOUT	INCORRECT
Bla_N1_64_Ont_Opt	queries/xld	1.0	warmup	334.0	-1.0	1200.0	TIMEOUT	INCORRECT
Bla_N1_64_Ont_Opt	queries/xul	1.0	warmup	335.0	-1.0	1200.0	TIMEOUT	INCORRECT
Bla_N1_64_Ont_Opt	queries/xzaug	1.0	warmup	336.0	-1.0	1200.0	TIMEOUT	INCORRECT
Bla_N1_64_Ont_Opt	queries/xkl	1.0	warmup	337.0	-1.0	1200.0	TIMEOUT	INCORRECT
Bla_N1_64_Ont_Opt	queries/xpt	1.0	warmup	338.0	-1.0	1200.0	TIMEOUT	INCORRECT
Bla_N1_64_Ont_Opt	queries/xzaco	1.0	warmup	339.0	-1.0	1200.0	TIMEOUT	INCORRECT
Bla_N1_64_Ont_Opt	queries/xzabv	1.0	warmup	340.0	-1.0	1200.0	TIMEOUT	INCORRECT
Bla_N1_64_Ont_Opt	queries/xzaho	1.0	warmup	341.0	-1.0	1200.0	TIMEOUT	INCORRECT
Bla_N1_64_Ont_Opt	queries/xzafe	1.0	warmup	342.0	-1.0	1200.0	TIMEOUT	INCORRECT
Bla_N1_64_Ont_Opt	queries/xzaku	1.0	warmup	343.0	-1.0	1200.0	TIMEOUT	INCORRECT
Bla_N1_64_Ont_Opt	queries/xqd	1.0	warmup	344.0	-1.0	1200.0	TIMEOUT	INCORRECT
Bla_N1_64_Ont_Opt	queries/xky	1.0	warmup	345.0	-1.0	1200.0	TIMEOUT	INCORRECT
Bla_N1_64_Ont_Opt	queries/xzaal	1.0	warmup	346.0	-1.0	1200.0	TIMEOUT	INCORRECT
Bla_N1_64_Ont_Opt	queries/xzabm	1.0	warmup	347.0	-1.0	1200.0	TIMEOUT	INCORRECT
Bla_N1_64_Ont_Opt	queries/xip	1.0	warmup	348.0	-1.0	1200.0	TIMEOUT	INCORRECT
Bla_N1_64_Ont_Opt	queries/xzagb	1.0	warmup	349.0	-1.0	1200.0	TIMEOUT	INCORRECT
Bla_N1_64_Ont_Opt	queries/xzacl	1.0	warmup	350.0	-1.0	1200.0	TIMEOUT	INCORRECT
Bla_N1_64_Ont_Opt	queries/xrk	1.0	warmup	351.0	-1.0	1200.0	TIMEOUT	INCORRECT
Bla_N1_64_Ont_Opt	queries/xzapr	1.0	warmup	352.0	-1.0	1200.0	TIMEOUT	INCORRECT
Bla_N1_64_Ont_Opt	queries/xqq	1.0	warmup	353.0	-1.0	1200.0	TIMEOUT	INCORRECT
Bla_N1_64_Ont_Opt	queries/xrd	1.0	warmup	354.0	-1.0	1200.0	TIMEOUT	INCORRECT
Bla_N1_64_Ont_Opt	queries/xom	1.0	warmup	355.0	-1.0	1200.0	TIMEOUT	INCORRECT
Bla_N1_64_Ont_Opt	queries/xqu	1.0	warmup	356.0	-1.0	1200.0	TIMEOUT	INCORRECT
Bla_N1_64_Ont_Opt	queries/xiq	1.0	warmup	357.0	-1.0	1200.0	TIMEOUT	INCORRECT
Bla_N1_64_Ont_Opt	queries/xzamf	1.0	warmup	358.0	-1.0	1200.0	TIMEOUT	INCORRECT
Bla_N1_64_Ont_Opt	queries/xzake	1.0	warmup	359.0	-1.0	1200.0	TIMEOUT	INCORRECT
Bla_N1_64_Ont_Opt	queries/xey	1.0	warmup	360.0	-1.0	1200.0	TIMEOUT	INCORRECT
Bla_N1_64_Ont_Opt	queries/xzajx	1.0	warmup	361.0	-1.0	1200.0	TIMEOUT	INCORRECT
Bla_N1_64_Ont_Opt	queries/xch	1.0	warmup	362.0	-1.0	1200.0	TIMEOUT	INCORRECT
Bla_N1_64_Ont_Opt	queries/xzapv	1.0	warmup	363.0	-1.0	1200.0	TIMEOUT	INCORRECT
Bla_N1_64_Ont_Opt	queries/xzasx	1.0	warmup	364.0	-1.0	1200.0	TIMEOUT	INCORRECT
Bla_N1_64_Ont_Opt	queries/xzaqy	1.0	warmup	365.0	-1.0	1200.0	TIMEOUT	INCORRECT
Bla_N1_64_Ont_Opt	queries/xsr	1.0	warmup	366.0	-1.0	1200.0	TIMEOUT	INCORRECT
Bla_N1_64_Ont_Opt	queries/xzala	1.0	warmup	367.0	-1.0	1200.0	TIMEOUT	INCORRECT
Bla_N1_64_Ont_Opt	queries/xzatf	1.0	warmup	368.0	-1.0	1200.0	TIMEOUT	INCORRECT
Bla_N1_64_Ont_Opt	queries/xdp	1.0	warmup	369.0	-1.0	1200.0	TIMEOUT	INCORRECT
Bla_N1_64_Ont_Opt	queries/xya	1.0	warmup	370.0	-1.0	1200.0	TIMEOUT	INCORRECT
Bla_N1_64_Ont_Opt	queries/xbd	1.0	warmup	371.0	-1.0	1200.0	TIMEOUT	INCORRECT
Bla_N1_64_Ont_Opt	queries/xni	1.0	warmup	372.0	-1.0	1200.0	TIMEOUT	INCORRECT
Bla_N1_64_Ont_Opt	queries/xtc	1.0	warmup	373.0	-1.0	1200.0	TIMEOUT	INCORRECT
Bla_N1_64_Ont_Opt	queries/xzaky	1.0	warmup	374.0	-1.0	1200.0	TIMEOUT	INCORRECT
Bla_N1_64_Ont_Opt	queries/xzaej	1.0	warmup	375.0	-1.0	1200.0	TIMEOUT	INCORRECT
Bla_N1_64_Ont_Opt	queries/xuw	1.0	warmup	376.0	-1.0	1200.0	TIMEOUT	INCORRECT
Bla_N1_64_Ont_Opt	queries/xzavp	1.0	warmup	377.0	-1.0	1200.0	TIMEOUT	INCORRECT
Bla_N1_64_Ont_Opt	queries/xdw	1.0	warmup	378.0	-1.0	1200.0	TIMEOUT	INCORRECT
Bla_N1_64_Ont_Opt	queries/xcx	1.0	warmup	379.0	-1.0	1200.0	TIMEOUT	INCORRECT
Bla_N1_64_Ont_Opt	queries/xte	1.0	warmup	380.0	-1.0	1200.0	TIMEOUT	INCORRECT
Bla_N1_64_Ont_Opt	queries/xfh	1.0	warmup	381.0	-1.0	1200.0	TIMEOUT	INCORRECT
Bla_N1_64_Ont_Opt	queries/xvg	1.0	warmup	382.0	-1.0	1200.0	TIMEOUT	INCORRECT
Bla_N1_64_Ont_Opt	queries/xzaps	1.0	warmup	383.0	-1.0	1200.0	TIMEOUT	INCORRECT
Bla_N1_64_Ont_Opt	queries/xzadd	1.0	warmup	384.0	-1.0	1200.0	TIMEOUT	INCORRECT
Bla_N1_64_Ont_Opt	queries/xzasq	1.0	warmup	385.0	-1.0	1200.0	TIMEOUT	INCORRECT
Bla_N1_64_Ont_Opt	queries/xzaer	1.0	warmup	386.0	-1.0	1200.0	TIMEOUT	INCORRECT
Bla_N1_64_Ont_Opt	queries/xzaaa	1.0	warmup	387.0	-1.0	1200.0	TIMEOUT	INCORRECT
Bla_N1_64_Ont_Opt	queries/xen	1.0	warmup	388.0	-1.0	1200.0	TIMEOUT	INCORRECT
Bla_N1_64_Ont_Opt	queries/xzaip	1.0	warmup	389.0	-1.0	1200.0	TIMEOUT	INCORRECT
Bla_N1_64_Ont_Opt	queries/xsf	1.0	warmup	390.0	-1.0	1200.0	TIMEOUT	INCORRECT
Bla_N1_64_Ont_Opt	queries/xzaba	1.0	warmup	391.0	-1.0	1200.0	TIMEOUT	INCORRECT
Bla_N1_64_Ont_Opt	queries/xtb	1.0	warmup	392.0	-1.0	1200.0	TIMEOUT	INCORRECT
Bla_N1_64_Ont_Opt	queries/xzagk	1.0	warmup	393.0	-1.0	1200.0	TIMEOUT	INCORRECT
Bla_N1_64_Ont_Opt	queries/xzatw	1.0	warmup	394.0	-1.0	1200.0	TIMEOUT	INCORRECT
Bla_N1_64_Ont_Opt	queries/xzapn	1.0	warmup	395.0	-1.0	1200.0	TIMEOUT	INCORRECT
Bla_N1_64_Ont_Opt	queries/xzaar	1.0	warmup	396.0	-1.0	1200.0	TIMEOUT	INCORRECT
Bla_N1_64_Ont_Opt	queries/xsh	1.0	warmup	397.0	-1.0	1200.0	TIMEOUT	INCORRECT
Bla_N1_64_Ont_Opt	queries/xjj	1.0	warmup	398.0	-1.0	1200.0	TIMEOUT	INCORRECT
Bla_N1_64_Ont_Opt	queries/xvo	1.0	warmup	399.0	-1.0	1200.0	TIMEOUT	INCORRECT
Bla_N1_64_Ont_Opt	queries/xzare	1.0	warmup	400.0	-1.0	1200.0	TIMEOUT	INCORRECT
Bla_N1_64_Ont_Opt	queries/xzada	1.0	warmup	401.0	-1.0	1200.0	TIMEOUT	INCORRECT
Bla_N1_64_Ont_Opt	queries/xsq	1.0	warmup	402.0	-1.0	1200.0	TIMEOUT	INCORRECT
Bla_N1_64_Ont_Opt	queries/xcf	1.0	warmup	403.0	-1.0	1200.0	TIMEOUT	INCORRECT
Bla_N1_64_Ont_Opt	queries/xzaek	1.0	warmup	404.0	-1.0	1200.0	TIMEOUT	INCORRECT
Bla_N1_64_Ont_Opt	queries/xvb	1.0	warmup	405.0	-1.0	1200.0	TIMEOUT	INCORRECT
Bla_N1_64_Ont_Opt	queries/xzauk	1.0	warmup	406.0	-1.0	1200.0	TIMEOUT	INCORRECT
Bla_N1_64_Ont_Opt	queries/xzadl	1.0	warmup	407.0	-1.0	1200.0	TIMEOUT	INCORRECT
Bla_N1_64_Ont_Opt	queries/xzafp	1.0	warmup	408.0	-1.0	1200.0	TIMEOUT	INCORRECT
Bla_N1_64_Ont_Opt	queries/xzadn	1.0	warmup	409.0	-1.0	1200.0	TIMEOUT	INCORRECT
Bla_N1_64_Ont_Opt	queries/xtx	1.0	warmup	410.0	-1.0	1200.0	TIMEOUT	INCORRECT
Bla_N1_64_Ont_Opt	queries/xzarh	1.0	warmup	411.0	-1.0	1200.0	TIMEOUT	INCORRECT
Bla_N1_64_Ont_Opt	queries/xzahq	1.0	warmup	412.0	-1.0	1200.0	TIMEOUT	INCORRECT
Bla_N1_64_Ont_Opt	queries/xzaou	1.0	warmup	413.0	-1.0	1200.0	TIMEOUT	INCORRECT
Bla_N1_64_Ont_Opt	queries/xzaik	1.0	warmup	414.0	-1.0	1200.0	TIMEOUT	INCORRECT
Bla_N1_64_Ont_Opt	queries/xzalx	1.0	warmup	415.0	-1.0	1200.0	TIMEOUT	INCORRECT
Bla_N1_64_Ont_Opt	queries/xzalb	1.0	warmup	416.0	-1.0	1200.0	TIMEOUT	INCORRECT
Bla_N1_64_Ont_Opt	queries/xoq	1.0	warmup	417.0	-1.0	1200.0	TIMEOUT	INCORRECT
Bla_N1_64_Ont_Opt	queries/xuo	1.0	warmup	418.0	-1.0	1200.0	TIMEOUT	INCORRECT
Bla_N1_64_Ont_Opt	queries/xpc	1.0	warmup	419.0	-1.0	1200.0	TIMEOUT	INCORRECT
Bla_N1_64_Ont_Opt	queries/xzarb	1.0	warmup	420.0	-1.0	1200.0	TIMEOUT	INCORRECT
Bla_N1_64_Ont_Opt	queries/xag	1.0	warmup	421.0	-1.0	1200.0	TIMEOUT	INCORRECT
Bla_N1_64_Ont_Opt	queries/xzauq	1.0	warmup	422.0	-1.0	1200.0	TIMEOUT	INCORRECT
Bla_N1_64_Ont_Opt	queries/xzakw	1.0	warmup	423.0	-1.0	1200.0	TIMEOUT	INCORRECT
Bla_N1_64_Ont_Opt	queries/xzarx	1.0	warmup	424.0	-1.0	1200.0	TIMEOUT	INCORRECT
Bla_N1_64_Ont_Opt	queries/xzamy	1.0	warmup	425.0	-1.0	1200.0	TIMEOUT	INCORRECT
Bla_N1_64_Ont_Opt	queries/xzavh	1.0	warmup	426.0	-1.0	1200.0	TIMEOUT	INCORRECT
Bla_N1_64_Ont_Opt	queries/xzari	1.0	warmup	427.0	-1.0	1200.0	TIMEOUT	INCORRECT
Bla_N1_64_Ont_Opt	queries/xbq	1.0	warmup	428.0	-1.0	1200.0	TIMEOUT	INCORRECT
Bla_N1_64_Ont_Opt	queries/xxu	1.0	warmup	429.0	-1.0	1200.0	TIMEOUT	INCORRECT
Bla_N1_64_Ont_Opt	queries/xzacp	1.0	warmup	430.0	-1.0	1200.0	TIMEOUT	INCORRECT
Bla_N1_64_Ont_Opt	queries/xlj	1.0	warmup	431.0	-1.0	1200.0	TIMEOUT	INCORRECT
Bla_N1_64_Ont_Opt	queries/xuz	1.0	warmup	432.0	-1.0	1200.0	TIMEOUT	INCORRECT
Bla_N1_64_Ont_Opt	queries/xks	1.0	warmup	433.0	-1.0	1200.0	TIMEOUT	INCORRECT
Bla_N1_64_Ont_Opt	queries/xpw	1.0	warmup	434.0	-1.0	1200.0	TIMEOUT	INCORRECT
Bla_N1_64_Ont_Opt	queries/xvp	1.0	warmup	435.0	-1.0	1200.0	TIMEOUT	INCORRECT
Bla_N1_64_Ont_Opt	queries/xzahd	1.0	warmup	436.0	-1.0	1200.0	TIMEOUT	INCORRECT
Bla_N1_64_Ont_Opt	queries/xbs	1.0	warmup	437.0	-1.0	1200.0	TIMEOUT	INCORRECT
Bla_N1_64_Ont_Opt	queries/xbz	1.0	warmup	438.0	-1.0	1200.0	TIMEOUT	INCORRECT
Bla_N1_64_Ont_Opt	queries/xbn	1.0	warmup	439.0	-1.0	1200.0	TIMEOUT	INCORRECT
Bla_N1_64_Ont_Opt	queries/xzacu	1.0	warmup	440.0	-1.0	1200.0	TIMEOUT	INCORRECT
Bla_N1_64_Ont_Opt	queries/xzass	1.0	warmup	441.0	-1.0	1200.0	TIMEOUT	INCORRECT
Bla_N1_64_Ont_Opt	queries/xcv	1.0	warmup	442.0	-1.0	1200.0	TIMEOUT	INCORRECT
Bla_N1_64_Ont_Opt	queries/xzaec	1.0	warmup	443.0	-1.0	1200.0	TIMEOUT	INCORRECT
Bla_N1_64_Ont_Opt	queries/xao	1.0	warmup	444.0	-1.0	1200.0	TIMEOUT	INCORRECT
Bla_N1_64_Ont_Opt	queries/xmb	1.0	warmup	445.0	-1.0	1200.0	TIMEOUT	INCORRECT
Bla_N1_64_Ont_Opt	queries/xzahf	1.0	warmup	446.0	-1.0	1200.0	TIMEOUT	INCORRECT
Bla_N1_64_Ont_Opt	queries/xyy	1.0	warmup	447.0	-1.0	1200.0	TIMEOUT	INCORRECT
Bla_N1_64_Ont_Opt	queries/xax	1.0	warmup	448.0	-1.0	1200.0	TIMEOUT	INCORRECT
Bla_N1_64_Ont_Opt	queries/xzaig	1.0	warmup	449.0	-1.0	1200.0	TIMEOUT	INCORRECT
Bla_N1_64_Ont_Opt	queries/xzanb	1.0	warmup	450.0	-1.0	1200.0	TIMEOUT	INCORRECT
Bla_N1_64_Ont_Opt	queries/xzaax	1.0	warmup	451.0	-1.0	1200.0	TIMEOUT	INCORRECT
Bla_N1_64_Ont_Opt	queries/xqi	1.0	warmup	452.0	-1.0	1200.0	TIMEOUT	INCORRECT
Bla_N1_64_Ont_Opt	queries/xzalc	1.0	warmup	453.0	-1.0	1200.0	TIMEOUT	INCORRECT
Bla_N1_64_Ont_Opt	queries/xzaoz	1.0	warmup	454.0	-1.0	1200.0	TIMEOUT	INCORRECT
Bla_N1_64_Ont_Opt	queries/xhq	1.0	warmup	455.0	-1.0	1200.0	TIMEOUT	INCORRECT
Bla_N1_64_Ont_Opt	queries/xkp	1.0	warmup	456.0	-1.0	1200.0	TIMEOUT	INCORRECT
Bla_N1_64_Ont_Opt	queries/xzaot	1.0	warmup	457.0	-1.0	1200.0	TIMEOUT	INCORRECT
Bla_N1_64_Ont_Opt	queries/xzakz	1.0	warmup	458.0	-1.0	1200.0	TIMEOUT	INCORRECT
Bla_N1_64_Ont_Opt	queries/xcr	1.0	warmup	459.0	-1.0	1200.0	TIMEOUT	INCORRECT
Bla_N1_64_Ont_Opt	queries/xzaud	1.0	warmup	460.0	-1.0	1200.0	TIMEOUT	INCORRECT
Bla_N1_64_Ont_Opt	queries/xlt	1.0	warmup	461.0	-1.0	1200.0	TIMEOUT	INCORRECT
Bla_N1_64_Ont_Opt	queries/xzajw	1.0	warmup	462.0	-1.0	1200.0	TIMEOUT	INCORRECT
Bla_N1_64_Ont_Opt	queries/xzaew	1.0	warmup	463.0	-1.0	1200.0	TIMEOUT	INCORRECT
Bla_N1_64_Ont_Opt	queries/xeh	1.0	warmup	464.0	-1.0	1200.0	TIMEOUT	INCORRECT
Bla_N1_64_Ont_Opt	queries/xzaep	1.0	warmup	465.0	-1.0	1200.0	TIMEOUT	INCORRECT
Bla_N1_64_Ont_Opt	queries/xww	1.0	warmup	466.0	-1.0	1200.0	TIMEOUT	INCORRECT
Bla_N1_64_Ont_Opt	queries/xed	1.0	warmup	467.0	-1.0	1200.0	TIMEOUT	INCORRECT
Bla_N1_64_Ont_Opt	queries/xzath	1.0	warmup	468.0	-1.0	1200.0	TIMEOUT	INCORRECT
	queries/xaa							INCORRECT
	queries/xad							INCORRECT
	queries/xae							INCORRECT
	queries/xah							INCORRECT
	queries/xai							INCORRECT
	queries/xaj							INCORRECT
	queries/xal							INCORRECT
	queries/xam							INCORRECT
	queries/xan							INCORRECT
	queries/xaq							INCORRECT
	queries/xas							INCORRECT
	queries/xau							INCORRECT
	queries/xav							INCORRECT
	queries/xaw							INCORRECT
	queries/xay							INCORRECT
	queries/xaz							INCORRECT
	queries/xba							INCORRECT
	queries/xbc							INCORRECT
	queries/xbe							INCORRECT
	queries/xbg							INCORRECT
	queries/xbh							INCORRECT
	queries/xbi							INCORRECT
	queries/xbk							INCORRECT
	queries/xbl							INCORRECT
	queries/xbo							INCORRECT
	queries/xbp							INCORRECT
	queries/xbr							INCORRECT
	queries/xbt							INCORRECT
	queries/xbu							INCORRECT
	queries/xbv							INCORRECT
	queries/xbw							INCORRECT
	queries/xbx							INCORRECT
	queries/xby							INCORRECT
	queries/xca							INCORRECT
	queries/xcb							INCORRECT
	queries/xcc							INCORRECT
	queries/xcd							INCORRECT
	queries/xce							INCORRECT
	queries/xcg							INCORRECT
	queries/xci							INCORRECT
	queries/xcj							INCORRECT
	queries/xcl							INCORRECT
	queries/xcm							INCORRECT
	queries/xcp							INCORRECT
	queries/xcq							INCORRECT
	queries/xcs							INCORRECT
	queries/xct							INCORRECT
	queries/xcu							INCORRECT
	queries/xcw							INCORRECT
	queries/xcy							INCORRECT
	queries/xdb							INCORRECT
	queries/xdc							INCORRECT
	queries/xdd							INCORRECT
	queries/xde							INCORRECT
	queries/xdf							INCORRECT
	queries/xdh							INCORRECT
	queries/xdi							INCORRECT
	queries/xdk							INCORRECT
	queries/xdl							INCORRECT
	queries/xdo							INCORRECT
	queries/xdr							INCORRECT
	queries/xds							INCORRECT
	queries/xdt							INCORRECT
	queries/xdu							INCORRECT
	queries/xdv							INCORRECT
	queries/xdx							INCORRECT
	queries/xdz							INCORRECT
	queries/xea							INCORRECT
	queries/xec							INCORRECT
	queries/xef							INCORRECT
	queries/xeg							INCORRECT
	queries/xei							INCORRECT
	queries/xej							INCORRECT
	queries/xek							INCORRECT
	queries/xeo							INCORRECT
	queries/xep							INCORRECT
	queries/xeq							INCORRECT
	queries/xet							INCORRECT
	queries/xex							INCORRECT
	queries/xfa							INCORRECT
	queries/xfc							INCORRECT
	queries/xfd							INCORRECT
	queries/xff							INCORRECT
	queries/xfg							INCORRECT
	queries/xfi							INCORRECT
	queries/xfj							INCORRECT
	queries/xfk							INCORRECT
	queries/xfm							INCORRECT
	queries/xfn							INCORRECT
	queries/xfo							INCORRECT
	queries/xfp							INCORRECT
	queries/xfq							INCORRECT
	queries/xfr							INCORRECT
	queries/xfs							INCORRECT
	queries/xft							INCORRECT
	queries/xfv							INCORRECT
	queries/xfz							INCORRECT
	queries/xga							INCORRECT
	queries/xgb							INCORRECT
	queries/xge							INCORRECT
	queries/xgh							INCORRECT
	queries/xgi							INCORRECT
	queries/xgj							INCORRECT
	queries/xgk							INCORRECT
	queries/xgl							INCORRECT
	queries/xgm							INCORRECT
	queries/xgn							INCORRECT
	queries/xgo							INCORRECT
	queries/xgp							INCORRECT
	queries/xgq							INCORRECT
	queries/xgr							INCORRECT
	queries/xgs							INCORRECT
	queries/xgt							INCORRECT
	queries/xgu							INCORRECT
	queries/xgv							INCORRECT
	queries/xgw							INCORRECT
	queries/xgz							INCORRECT
	queries/xha							INCORRECT
	queries/xhb							INCORRECT
	queries/xhe							INCORRECT
	queries/xhf							INCORRECT
	queries/xhg							INCORRECT
	queries/xhi							INCORRECT
	queries/xhj							INCORRECT
	queries/xhk							INCORRECT
	queries/xhl							INCORRECT
	queries/xhm							INCORRECT
	queries/xhn							INCORRECT
	queries/xhv							INCORRECT
	queries/xhw							INCORRECT
	queries/xhx							INCORRECT
	queries/xhz							INCORRECT
	queries/xib							INCORRECT
	queries/xic							INCORRECT
	queries/xie							INCORRECT
	queries/xif							INCORRECT
	queries/xij							INCORRECT
	queries/xik							INCORRECT
	queries/xil							INCORRECT
	queries/xim							INCORRECT
	queries/xin							INCORRECT
	queries/xio							INCORRECT
	queries/xir							INCORRECT
	queries/xis							INCORRECT
	queries/xiu							INCORRECT
	queries/xiv							INCORRECT
	queries/xiw							INCORRECT
	queries/xix							INCORRECT
	queries/xiy							INCORRECT
	queries/xiz							INCORRECT
	queries/xja							INCORRECT
	queries/xjb							INCORRECT
	queries/xjc							INCORRECT
	queries/xjd							INCORRECT
	queries/xje							INCORRECT
	queries/xjg							INCORRECT
	queries/xjh							INCORRECT
	queries/xji							INCORRECT
	queries/xjk							INCORRECT
	queries/xjl							INCORRECT
	queries/xjm							INCORRECT
	queries/xjn							INCORRECT
	queries/xjo							INCORRECT
	queries/xjp							INCORRECT
	queries/xjr							INCORRECT
	queries/xjs							INCORRECT
	queries/xjt							INCORRECT
	queries/xju							INCORRECT
	queries/xjw							INCORRECT
	queries/xjx							INCORRECT
	queries/xka							INCORRECT
	queries/xkb							INCORRECT
	queries/xkc							INCORRECT
	queries/xkf							INCORRECT
	queries/xkg							INCORRECT
	queries/xki							INCORRECT
	queries/xkj							INCORRECT
	queries/xkk							INCORRECT
	queries/xkm							INCORRECT
	queries/xkn							INCORRECT
	queries/xko							INCORRECT
	queries/xkq							INCORRECT
	queries/xkr							INCORRECT
	queries/xkt							INCORRECT
	queries/xku							INCORRECT
	queries/xkv							INCORRECT
	queries/xkx							INCORRECT
	queries/xla							INCORRECT
	queries/xlb							INCORRECT
	queries/xlc							INCORRECT
	queries/xle							INCORRECT
	queries/xlg							INCORRECT
	queries/xli							INCORRECT
	queries/xlk							INCORRECT
	queries/xll							INCORRECT
	queries/xlm							INCORRECT
	queries/xlp							INCORRECT
	queries/xls							INCORRECT
	queries/xlx							INCORRECT
	queries/xly							INCORRECT
	queries/xlz							INCORRECT
	queries/xmc							INCORRECT
	queries/xme							INCORRECT
	queries/xmf							INCORRECT
	queries/xmi							INCORRECT
	queries/xmj							INCORRECT
	queries/xmk							INCORRECT
	queries/xml							INCORRECT
	queries/xmn							INCORRECT
	queries/xmo							INCORRECT
	queries/xmq							INCORRECT
	queries/xmu							INCORRECT
	queries/xmv							INCORRECT
	queries/xmw							INCORRECT
	queries/xmx							INCORRECT
	queries/xmz							INCORRECT
	queries/xna							INCORRECT
	queries/xnb							INCORRECT
	queries/xnc							INCORRECT
	queries/xnd							INCORRECT
	queries/xne							INCORRECT
	queries/xnf							INCORRECT
	queries/xng							INCORRECT
	queries/xnj							INCORRECT
	queries/xnk							INCORRECT
	queries/xnm							INCORRECT
	queries/xnn							INCORRECT
	queries/xno							INCORRECT
	queries/xns							INCORRECT
	queries/xnu							INCORRECT
	queries/xnv							INCORRECT
	queries/xny							INCORRECT
	queries/xoa							INCORRECT
	queries/xob							INCORRECT
	queries/xoc							INCORRECT
	queries/xod							INCORRECT
	queries/xoe							INCORRECT
	queries/xog							INCORRECT
	queries/xoi							INCORRECT
	queries/xoj							INCORRECT
	queries/xok							INCORRECT
	queries/xol							INCORRECT
	queries/xon							INCORRECT
	queries/xoo							INCORRECT
	queries/xop							INCORRECT
	queries/xor							INCORRECT
	queries/xot							INCORRECT
	queries/xou							INCORRECT
	queries/xov							INCORRECT
	queries/xox							INCORRECT
	queries/xoy							INCORRECT
	queries/xpa							INCORRECT
	queries/xpb							INCORRECT
	queries/xpd							INCORRECT
	queries/xpe							INCORRECT
	queries/xpg							INCORRECT
	queries/xph							INCORRECT
	queries/xpi							INCORRECT
	queries/xpj							INCORRECT
	queries/xpk							INCORRECT
	queries/xpl							INCORRECT
	queries/xpm							INCORRECT
	queries/xpp							INCORRECT
	queries/xpq							INCORRECT
	queries/xpr							INCORRECT
	queries/xpu							INCORRECT
	queries/xpx							INCORRECT
	queries/xpy							INCORRECT
	queries/xpz							INCORRECT
	queries/xqa							INCORRECT
	queries/xqb							INCORRECT
	queries/xqe							INCORRECT
	queries/xqf							INCORRECT
	queries/xqh							INCORRECT
	queries/xqj							INCORRECT
	queries/xqk							INCORRECT
	queries/xqm							INCORRECT
	queries/xqo							INCORRECT
	queries/xqp							INCORRECT
	queries/xqr							INCORRECT
	queries/xqv							INCORRECT
	queries/xqw							INCORRECT
	queries/xqy							INCORRECT
	queries/xqz							INCORRECT
	queries/xrb							INCORRECT
	queries/xrc							INCORRECT
	queries/xre							INCORRECT
	queries/xrf							INCORRECT
	queries/xrg							INCORRECT
	queries/xrh							INCORRECT
	queries/xrl							INCORRECT
	queries/xro							INCORRECT
	queries/xrq							INCORRECT
	queries/xrr							INCORRECT
	queries/xrs							INCORRECT
	queries/xrt							INCORRECT
	queries/xru							INCORRECT
	queries/xrv							INCORRECT
	queries/xrw							INCORRECT
	queries/xrx							INCORRECT
	queries/xry							INCORRECT
	queries/xrz							INCORRECT
	queries/xsb							INCORRECT
	queries/xsd							INCORRECT
	queries/xse							INCORRECT
	queries/xsj							INCORRECT
	queries/xsm							INCORRECT
	queries/xso							INCORRECT
	queries/xsp							INCORRECT
	queries/xss							INCORRECT
	queries/xsu							INCORRECT
	queries/xsv							INCORRECT
	queries/xsw							INCORRECT
	queries/xsz							INCORRECT
	queries/xta							INCORRECT
	queries/xtd							INCORRECT
	queries/xtf							INCORRECT
	queries/xtg							INCORRECT
	queries/xth							INCORRECT
	queries/xti							INCORRECT
	queries/xtk							INCORRECT
	queries/xtl							INCORRECT
	queries/xtp							INCORRECT
	queries/xtq							INCORRECT
	queries/xtr							INCORRECT
	queries/xts							INCORRECT
	queries/xtu							INCORRECT
	queries/xtv							INCORRECT
	queries/xtw							INCORRECT
	queries/xtz							INCORRECT
	queries/xua							INCORRECT
	queries/xub							INCORRECT
	queries/xud							INCORRECT
	queries/xue							INCORRECT
	queries/xuf							INCORRECT
	queries/xug							INCORRECT
	queries/xuh							INCORRECT
	queries/xuk							INCORRECT
	queries/xum							INCORRECT
	queries/xup							INCORRECT
	queries/xus							INCORRECT
	queries/xuu							INCORRECT
	queries/xux							INCORRECT
	queries/xva							INCORRECT
	queries/xvc							INCORRECT
	queries/xvd							INCORRECT
	queries/xve							INCORRECT
	queries/xvf							INCORRECT
	queries/xvh							INCORRECT
	queries/xvi							INCORRECT
	queries/xvj							INCORRECT
	queries/xvk							INCORRECT
	queries/xvl							INCORRECT
	queries/xvm							INCORRECT
	queries/xvn							INCORRECT
	queries/xvq							INCORRECT
	queries/xvr							INCORRECT
	queries/xvs							INCORRECT
	queries/xvu							INCORRECT
	queries/xvv							INCORRECT
	queries/xvw							INCORRECT
	queries/xvx							INCORRECT
	queries/xvy							INCORRECT
	queries/xvz							INCORRECT
	queries/xwa							INCORRECT
	queries/xwb							INCORRECT
	queries/xwc							INCORRECT
	queries/xwe							INCORRECT
	queries/xwf							INCORRECT
	queries/xwg							INCORRECT
	queries/xwh							INCORRECT
	queries/xwi							INCORRECT
	queries/xwj							INCORRECT
	queries/xwk							INCORRECT
	queries/xwm							INCORRECT
	queries/xwn							INCORRECT
	queries/xwp							INCORRECT
	queries/xwq							INCORRECT
	queries/xwr							INCORRECT
	queries/xwt							INCORRECT
	queries/xwu							INCORRECT
	queries/xwv							INCORRECT
	queries/xwx							INCORRECT
	queries/xwy							INCORRECT
	queries/xxa							INCORRECT
	queries/xxb							INCORRECT
	queries/xxc							INCORRECT
	queries/xxd							INCORRECT
	queries/xxh							INCORRECT
	queries/xxj							INCORRECT
	queries/xxk							INCORRECT
	queries/xxl							INCORRECT
	queries/xxm							INCORRECT
	queries/xxn							INCORRECT
	queries/xxp							INCORRECT
	queries/xxq							INCORRECT
	queries/xxs							INCORRECT
	queries/xxt							INCORRECT
	queries/xxv							INCORRECT
	queries/xxw							INCORRECT
	queries/xxx							INCORRECT
	queries/xxz							INCORRECT
	queries/xyb							INCORRECT
	queries/xyd							INCORRECT
	queries/xye							INCORRECT
	queries/xyf							INCORRECT
	queries/xyg							INCORRECT
	queries/xyh							INCORRECT
	queries/xyi							INCORRECT
	queries/xyj							INCORRECT
	queries/xyk							INCORRECT
	queries/xym							INCORRECT
	queries/xyo							INCORRECT
	queries/xyp							INCORRECT
	queries/xyq							INCORRECT
	queries/xyr							INCORRECT
	queries/xyt							INCORRECT
	queries/xyu							INCORRECT
	queries/xyv							INCORRECT
	queries/xyw							INCORRECT
	queries/xyx							INCORRECT
	queries/xzaab							INCORRECT
	queries/xzaad							INCORRECT
	queries/xzaae							INCORRECT
	queries/xzaaf							INCORRECT
	queries/xzaag							INCORRECT
	queries/xzaah							INCORRECT
	queries/xzaak							INCORRECT
	queries/xzaam							INCORRECT
	queries/xzaan							INCORRECT
	queries/xzaao							INCORRECT
	queries/xzaap							INCORRECT
	queries/xzaas							INCORRECT
	queries/xzaat							INCORRECT
	queries/xzaau							INCORRECT
	queries/xzaay							INCORRECT
	queries/xzabb							INCORRECT
	queries/xzabd							INCORRECT
	queries/xzabf							INCORRECT
	queries/xzabg							INCORRECT
	queries/xzabi							INCORRECT
	queries/xzabj							INCORRECT
	queries/xzabk							INCORRECT
	queries/xzabn							INCORRECT
	queries/xzabo							INCORRECT
	queries/xzabp							INCORRECT
	queries/xzabt							INCORRECT
	queries/xzabu							INCORRECT
	queries/xzabw							INCORRECT
	queries/xzabx							INCORRECT
	queries/xzaby							INCORRECT
	queries/xzabz							INCORRECT
	queries/xzacc							INCORRECT
	queries/xzacd							INCORRECT
	queries/xzace							INCORRECT
	queries/xzacf							INCORRECT
	queries/xzacg							INCORRECT
	queries/xzach							INCORRECT
	queries/xzaci							INCORRECT
	queries/xzacj							INCORRECT
	queries/xzack							INCORRECT
	queries/xzacm							INCORRECT
	queries/xzacq							INCORRECT
	queries/xzacr							INCORRECT
	queries/xzacs							INCORRECT
	queries/xzact							INCORRECT
	queries/xzacw							INCORRECT
	queries/xzacx							INCORRECT
	queries/xzacy							INCORRECT
	queries/xzacz							INCORRECT
	queries/xzadb							INCORRECT
	queries/xzadc							INCORRECT
	queries/xzade							INCORRECT
	queries/xzadf							INCORRECT
	queries/xzadi							INCORRECT
	queries/xzadj							INCORRECT
	queries/xzadm							INCORRECT
	queries/xzadp							INCORRECT
	queries/xzadq							INCORRECT
	queries/xzadr							INCORRECT
	queries/xzads							INCORRECT
	queries/xzadt							INCORRECT
	queries/xzadu							INCORRECT
	queries/xzadz							INCORRECT
	queries/xzaea							INCORRECT
	queries/xzaed							INCORRECT
	queries/xzaee							INCORRECT
	queries/xzaeg							INCORRECT
	queries/xzaeh							INCORRECT
	queries/xzaei							INCORRECT
	queries/xzael							INCORRECT
	queries/xzaem							INCORRECT
	queries/xzaen							INCORRECT
	queries/xzaeo							INCORRECT
	queries/xzaeq							INCORRECT
	queries/xzaes							INCORRECT
	queries/xzaev							INCORRECT
	queries/xzaex							INCORRECT
	queries/xzaey							INCORRECT
	queries/xzaez							INCORRECT
	queries/xzafa							INCORRECT
	queries/xzafc							INCORRECT
	queries/xzaff							INCORRECT
	queries/xzafg							INCORRECT
	queries/xzafj							INCORRECT
	queries/xzafl							INCORRECT
	queries/xzafm							INCORRECT
	queries/xzafo							INCORRECT
	queries/xzafq							INCORRECT
	queries/xzafr							INCORRECT
	queries/xzaft							INCORRECT
	queries/xzafu							INCORRECT
	queries/xzafv							INCORRECT
	queries/xzafz							INCORRECT
	queries/xzage							INCORRECT
	queries/xzagj							INCORRECT
	queries/xzagl							INCORRECT
	queries/xzagm							INCORRECT
	queries/xzagn							INCORRECT
	queries/xzagq							INCORRECT
	queries/xzagr							INCORRECT
	queries/xzagt							INCORRECT
	queries/xzagu							INCORRECT
	queries/xzagv							INCORRECT
	queries/xzagx							INCORRECT
	queries/xzagy							INCORRECT
	queries/xzagz							INCORRECT
	queries/xzaha							INCORRECT
	queries/xzahb							INCORRECT
	queries/xzahc							INCORRECT
	queries/xzahg							INCORRECT
	queries/xzahh							INCORRECT
	queries/xzahi							INCORRECT
	queries/xzahj							INCORRECT
	queries/xzahk							INCORRECT
	queries/xzahl							INCORRECT
	queries/xzahm							INCORRECT
	queries/xzahn							INCORRECT
	queries/xzahs							INCORRECT
	queries/xzaht							INCORRECT
	queries/xzahu							INCORRECT
	queries/xzahw							INCORRECT
	queries/xzahy							INCORRECT
	queries/xzahz							INCORRECT
	queries/xzaia							INCORRECT
	queries/xzaic							INCORRECT
	queries/xzaid							INCORRECT
	queries/xzaie							INCORRECT
	queries/xzaif							INCORRECT
	queries/xzaii							INCORRECT
	queries/xzaij							INCORRECT
	queries/xzail							INCORRECT
	queries/xzain							INCORRECT
	queries/xzaio							INCORRECT
	queries/xzaiq							INCORRECT
	queries/xzair							INCORRECT
	queries/xzais							INCORRECT
	queries/xzaiw							INCORRECT
	queries/xzaix							INCORRECT
	queries/xzaiy							INCORRECT
	queries/xzajb							INCORRECT
	queries/xzajc							INCORRECT
	queries/xzajd							INCORRECT
	queries/xzaje							INCORRECT
	queries/xzajf							INCORRECT
	queries/xzajg							INCORRECT
	queries/xzajh							INCORRECT
	queries/xzajj							INCORRECT
	queries/xzajl							INCORRECT
	queries/xzajm							INCORRECT
	queries/xzajo							INCORRECT
	queries/xzajr							INCORRECT
	queries/xzajt							INCORRECT
	queries/xzaju							INCORRECT
	queries/xzajv							INCORRECT
	queries/xzajz							INCORRECT
	queries/xzaka							INCORRECT
	queries/xzakb							INCORRECT
	queries/xzakc							INCORRECT
	queries/xzakd							INCORRECT
	queries/xzakf							INCORRECT
	queries/xzaki							INCORRECT
	queries/xzakj							INCORRECT
	queries/xzakk							INCORRECT
	queries/xzakm							INCORRECT
	queries/xzakn							INCORRECT
	queries/xzakp							INCORRECT
	queries/xzakr							INCORRECT
	queries/xzaks							INCORRECT
	queries/xzakt							INCORRECT
	queries/xzakv							INCORRECT
	queries/xzakx							INCORRECT
	queries/xzale							INCORRECT
	queries/xzalf							INCORRECT
	queries/xzalj							INCORRECT
	queries/xzall							INCORRECT
	queries/xzalp							INCORRECT
	queries/xzalr							INCORRECT
	queries/xzals							INCORRECT
	queries/xzalt							INCORRECT
	queries/xzalu							INCORRECT
	queries/xzalw							INCORRECT
	queries/xzama							INCORRECT
	queries/xzamb							INCORRECT
	queries/xzamc							INCORRECT
	queries/xzamd							INCORRECT
	queries/xzame							INCORRECT
	queries/xzamh							INCORRECT
	queries/xzami							INCORRECT
	queries/xzamk							INCORRECT
	queries/xzamn							INCORRECT
	queries/xzamo							INCORRECT
	queries/xzamp							INCORRECT
	queries/xzams							INCORRECT
	queries/xzamt							INCORRECT
	queries/xzamu							INCORRECT
	queries/xzamx							INCORRECT
	queries/xzana							INCORRECT
	queries/xzane							INCORRECT
	queries/xzang							INCORRECT
	queries/xzanh							INCORRECT
	queries/xzani							INCORRECT
	queries/xzanj							INCORRECT
	queries/xzank							INCORRECT
	queries/xzanm							INCORRECT
	queries/xzann							INCORRECT
	queries/xzano							INCORRECT
	queries/xzanp							INCORRECT
	queries/xzanq							INCORRECT
	queries/xzanr							INCORRECT
	queries/xzant							INCORRECT
	queries/xzanu							INCORRECT
	queries/xzanx							INCORRECT
	queries/xzany							INCORRECT
	queries/xzanz							INCORRECT
	queries/xzaoa							INCORRECT
	queries/xzaod							INCORRECT
	queries/xzaoe							INCORRECT
	queries/xzaog							INCORRECT
	queries/xzaoh							INCORRECT
	queries/xzaoi							INCORRECT
	queries/xzaoj							INCORRECT
	queries/xzaol							INCORRECT
	queries/xzaom							INCORRECT
	queries/xzaon							INCORRECT
	queries/xzaoo							INCORRECT
	queries/xzaoq							INCORRECT
	queries/xzaos							INCORRECT
	queries/xzaov							INCORRECT
	queries/xzaow							INCORRECT
	queries/xzaoy							INCORRECT
	queries/xzapb							INCORRECT
	queries/xzapd							INCORRECT
	queries/xzape							INCORRECT
	queries/xzapf							INCORRECT
	queries/xzapg							INCORRECT
	queries/xzapj							INCORRECT
	queries/xzapk							INCORRECT
	queries/xzapl							INCORRECT
	queries/xzapm							INCORRECT
	queries/xzapq							INCORRECT
	queries/xzapt							INCORRECT
	queries/xzapu							INCORRECT
	queries/xzapy							INCORRECT
	queries/xzapz							INCORRECT
	queries/xzaqa							INCORRECT
	queries/xzaqb							INCORRECT
	queries/xzaqc							INCORRECT
	queries/xzaqg							INCORRECT
	queries/xzaqi							INCORRECT
	queries/xzaqj							INCORRECT
	queries/xzaqm							INCORRECT
	queries/xzaqn							INCORRECT
	queries/xzaqp							INCORRECT
	queries/xzaqq							INCORRECT
	queries/xzaqs							INCORRECT
	queries/xzaqt							INCORRECT
	queries/xzaqu							INCORRECT
	queries/xzaqw							INCORRECT
	queries/xzaqz							INCORRECT
	queries/xzarc							INCORRECT
	queries/xzard							INCORRECT
	queries/xzarf							INCORRECT
	queries/xzarg							INCORRECT
	queries/xzarj							INCORRECT
	queries/xzark							INCORRECT
	queries/xzarl							INCORRECT
	queries/xzarm							INCORRECT
	queries/xzaro							INCORRECT
	queries/xzarp							INCORRECT
	queries/xzarq							INCORRECT
	queries/xzarr							INCORRECT
	queries/xzars							INCORRECT
	queries/xzart							INCORRECT
	queries/xzaru							INCORRECT
	queries/xzarv							INCORRECT
	queries/xzary							INCORRECT
	queries/xzasa							INCORRECT
	queries/xzasc							INCORRECT
	queries/xzasd							INCORRECT
	queries/xzasg							INCORRECT
	queries/xzasi							INCORRECT
	queries/xzasj							INCORRECT
	queries/xzask							INCORRECT
	queries/xzasm							INCORRECT
	queries/xzasn							INCORRECT
	queries/xzaso							INCORRECT
	queries/xzasp							INCORRECT
	queries/xzasr							INCORRECT
	queries/xzast							INCORRECT
	queries/xzasu							INCORRECT
	queries/xzasv							INCORRECT
	queries/xzasw							INCORRECT
	queries/xzasz							INCORRECT
	queries/xzata							INCORRECT
	queries/xzatb							INCORRECT
	queries/xzatc							INCORRECT
	queries/xzatd							INCORRECT
	queries/xzate							INCORRECT
	queries/xzati							INCORRECT
	queries/xzatj							INCORRECT
	queries/xzatk							INCORRECT
	queries/xzatl							INCORRECT
	queries/xzatn							INCORRECT
	queries/xzato							INCORRECT
	queries/xzatp							INCORRECT
	queries/xzatq							INCORRECT
	queries/xzatt							INCORRECT
	queries/xzatv							INCORRECT
	queries/xzaty							INCORRECT
	queries/xzaua							INCORRECT
	queries/xzauc							INCORRECT
	queries/xzauh							INCORRECT
	queries/xzaui							INCORRECT
	queries/xzauj							INCORRECT
	queries/xzaul							INCORRECT
	queries/xzaum							INCORRECT
	queries/xzauo							INCORRECT
	queries/xzaup							INCORRECT
	queries/xzaur							INCORRECT
	queries/xzaus							INCORRECT
	queries/xzauw							INCORRECT
	queries/xzaux							INCORRECT
	queries/xzauy							INCORRECT
	queries/xzauz							INCORRECT
	queries/xzavd							INCORRECT
	queries/xzave							INCORRECT
	queries/xzavg							INCORRECT
	queries/xzavj							INCORRECT
	queries/xzavq							INCORRECT
	queries/xzavr							INCORRECT
	queries/xzavu							INCORRECT
	queries/xzavv							INCORRECT
	queries/xzavx							INCORRECT
	queries/xzavy							INCORRECT
