sim_id	query_name	thread_id	thread_type	order_id	number_of_results	runtime	flag	correct
Flu_N1_64_Ont_Def_2	queries/xtf	1.0	warmup	1.0	1.0	0.027565891	SUCCESS	CORRECT
Flu_N1_64_Ont_Def_2	queries/xpd	1.0	warmup	2.0	5.0	0.014655361	SUCCESS	CORRECT
Flu_N1_64_Ont_Def_2	queries/xdg	1.0	warmup	3.0	1.0	0.01093373	SUCCESS	CORRECT
Flu_N1_64_Ont_Def_2	queries/xzado	1.0	warmup	4.0	0.0	0.012384703	SUCCESS	CORRECT
Flu_N1_64_Ont_Def_2	queries/xck	1.0	warmup	5.0	1.0	0.788722851	SUCCESS	CORRECT
Flu_N1_64_Ont_Def_2	queries/xai	1.0	warmup	6.0	1.0	0.011840143999999999	SUCCESS	CORRECT
Flu_N1_64_Ont_Def_2	queries/xku	1.0	warmup	7.0	1.0	0.008482103999999999	SUCCESS	CORRECT
Flu_N1_64_Ont_Def_2	queries/xke	1.0	warmup	8.0	1.0	2.2313796590000003	SUCCESS	CORRECT
Flu_N1_64_Ont_Def_2	queries/xzasc	1.0	warmup	9.0	0.0	0.020522208	SUCCESS	INCORRECT
Flu_N1_64_Ont_Def_2	queries/xzaej	1.0	warmup	10.0	1.0	0.049488712000000004	SUCCESS	CORRECT
Flu_N1_64_Ont_Def_2	queries/xzabs	1.0	warmup	11.0	1.0	0.009404734	SUCCESS	CORRECT
Flu_N1_64_Ont_Def_2	queries/xyg	1.0	warmup	12.0	0.0	0.008356608	SUCCESS	CORRECT
Flu_N1_64_Ont_Def_2	queries/xwm	1.0	warmup	13.0	1.0	0.02473925	SUCCESS	CORRECT
Flu_N1_64_Ont_Def_2	queries/xhp	1.0	warmup	14.0	1.0	0.010360766	SUCCESS	CORRECT
Flu_N1_64_Ont_Def_2	queries/xux	1.0	warmup	15.0	1.0	0.009187084	SUCCESS	CORRECT
Flu_N1_64_Ont_Def_2	queries/xsx	1.0	warmup	16.0	0.0	0.00992166	SUCCESS	CORRECT
Flu_N1_64_Ont_Def_2	queries/xzaut	1.0	warmup	17.0	3.0	65.746667202	SUCCESS	CORRECT
Flu_N1_64_Ont_Def_2	queries/xzapu	1.0	warmup	18.0	1.0	0.010703148999999999	SUCCESS	CORRECT
Flu_N1_64_Ont_Def_2	queries/xex	1.0	warmup	19.0	1.0	1.06783381	SUCCESS	CORRECT
Flu_N1_64_Ont_Def_2	queries/xzano	1.0	warmup	20.0	1.0	0.037045813	SUCCESS	CORRECT
Flu_N1_64_Ont_Def_2	queries/xem	1.0	warmup	21.0	1.0	0.008986011	SUCCESS	CORRECT
Flu_N1_64_Ont_Def_2	queries/xal	1.0	warmup	22.0	1.0	0.008963473000000001	SUCCESS	CORRECT
Flu_N1_64_Ont_Def_2	queries/xzard	1.0	warmup	23.0	1.0	678.691093401	SUCCESS	CORRECT
Flu_N1_64_Ont_Def_2	queries/xzamz	1.0	warmup	24.0	1.0	0.013984893	SUCCESS	CORRECT
Flu_N1_64_Ont_Def_2	queries/xzank	1.0	warmup	25.0	1.0	0.009021915	SUCCESS	CORRECT
Flu_N1_64_Ont_Def_2	queries/xkd	1.0	warmup	26.0	2.0	0.008778301	SUCCESS	CORRECT
Flu_N1_64_Ont_Def_2	queries/xqm	1.0	warmup	27.0	1.0	2.067440922	SUCCESS	CORRECT
Flu_N1_64_Ont_Def_2	queries/xzahb	1.0	warmup	28.0	20.0	1.083863459	SUCCESS	CORRECT
Flu_N1_64_Ont_Def_2	queries/xlq	1.0	warmup	29.0	1.0	0.008520096999999999	SUCCESS	CORRECT
Flu_N1_64_Ont_Def_2	queries/xzagx	1.0	warmup	30.0	0.0	0.010685412	SUCCESS	CORRECT
Flu_N1_64_Ont_Def_2	queries/xve	1.0	warmup	31.0	1.0	0.013837388	SUCCESS	CORRECT
Flu_N1_64_Ont_Def_2	queries/xrv	1.0	warmup	32.0	1.0	1.150406172	SUCCESS	CORRECT
Flu_N1_64_Ont_Def_2	queries/xzadb	1.0	warmup	33.0	0.0	0.286655916	SUCCESS	CORRECT
Flu_N1_64_Ont_Def_2	queries/xzamf	1.0	warmup	34.0	14.0	0.5602648779999999	SUCCESS	CORRECT
Flu_N1_64_Ont_Def_2	queries/xgb	1.0	warmup	35.0	0.0	0.010285367	SUCCESS	CORRECT
Flu_N1_64_Ont_Def_2	queries/xwn	1.0	warmup	36.0	0.0	0.008850277	SUCCESS	CORRECT
Flu_N1_64_Ont_Def_2	queries/xzagk	1.0	warmup	37.0	1.0	0.015833451000000002	SUCCESS	CORRECT
Flu_N1_64_Ont_Def_2	queries/xwg	1.0	warmup	38.0	1.0	0.008037657	SUCCESS	CORRECT
Flu_N1_64_Ont_Def_2	queries/xzahq	1.0	warmup	39.0	0.0	0.008751989	SUCCESS	CORRECT
Flu_N1_64_Ont_Def_2	queries/xzaud	1.0	warmup	40.0	1.0	65.371367647	SUCCESS	CORRECT
Flu_N1_64_Ont_Def_2	queries/xqj	1.0	warmup	41.0	3.0	0.01185503	SUCCESS	CORRECT
Flu_N1_64_Ont_Def_2	queries/xnp	1.0	warmup	42.0	0.0	0.009385567	SUCCESS	CORRECT
Flu_N1_64_Ont_Def_2	queries/xdp	1.0	warmup	43.0	0.0	0.236784319	SUCCESS	UNCERTAIN
Flu_N1_64_Ont_Def_2	queries/xnk	1.0	warmup	44.0	0.0	0.008954717000000001	SUCCESS	CORRECT
Flu_N1_64_Ont_Def_2	queries/xzatz	1.0	warmup	45.0	0.0	0.009299695	SUCCESS	CORRECT
Flu_N1_64_Ont_Def_2	queries/xzafr	1.0	warmup	46.0	0.0	0.010463374000000001	SUCCESS	CORRECT
Flu_N1_64_Ont_Def_2	queries/xfh	1.0	warmup	47.0	1.0	0.008312004	SUCCESS	CORRECT
Flu_N1_64_Ont_Def_2	queries/xco	1.0	warmup	48.0	6.0	0.009660899	SUCCESS	CORRECT
Flu_N1_64_Ont_Def_2	queries/xzajm	1.0	warmup	49.0	1.0	1.785822512	SUCCESS	CORRECT
Flu_N1_64_Ont_Def_2	queries/xcm	1.0	warmup	50.0	1.0	0.024492262999999997	SUCCESS	CORRECT
Flu_N1_64_Ont_Def_2	queries/xzagn	1.0	warmup	51.0	2.0	91.133798829	SUCCESS	CORRECT
Flu_N1_64_Ont_Def_2	queries/xzase	1.0	warmup	52.0	1.0	0.024165517	SUCCESS	CORRECT
Flu_N1_64_Ont_Def_2	queries/xaw	1.0	warmup	53.0	1.0	0.011022468999999998	SUCCESS	CORRECT
Flu_N1_64_Ont_Def_2	queries/xzahf	1.0	warmup	54.0	1.0	0.012204429	SUCCESS	CORRECT
Flu_N1_64_Ont_Def_2	queries/xra	1.0	warmup	55.0	1.0	0.008128034000000001	SUCCESS	CORRECT
Flu_N1_64_Ont_Def_2	queries/xqg	1.0	warmup	56.0	1.0	0.0076865940000000015	SUCCESS	CORRECT
Flu_N1_64_Ont_Def_2	queries/xwd	1.0	warmup	57.0	0.0	0.009746026	SUCCESS	CORRECT
Flu_N1_64_Ont_Def_2	queries/xpj	1.0	warmup	58.0	1.0	0.008592034	SUCCESS	CORRECT
Flu_N1_64_Ont_Def_2	queries/xzavy	1.0	warmup	59.0	2.0	0.008500942999999999	SUCCESS	CORRECT
Flu_N1_64_Ont_Def_2	queries/xpq	1.0	warmup	60.0	1.0	0.010502591	SUCCESS	CORRECT
Flu_N1_64_Ont_Def_2	queries/xqq	1.0	warmup	61.0	1.0	0.008272165	SUCCESS	CORRECT
Flu_N1_64_Ont_Def_2	queries/xdi	1.0	warmup	62.0	0.0	0.009363836	SUCCESS	CORRECT
Flu_N1_64_Ont_Def_2	queries/xzasl	1.0	warmup	63.0	1.0	0.007569006	SUCCESS	CORRECT
Flu_N1_64_Ont_Def_2	queries/xzaqc	1.0	warmup	64.0	-1.0	-1.0	ERROR	INCORRECT
Flu_N1_64_Ont_Def_2	queries/xzajh	1.0	warmup	65.0	1.0	0.009200672	SUCCESS	CORRECT
Flu_N1_64_Ont_Def_2	queries/xzasp	1.0	warmup	66.0	0.0	0.008526083	SUCCESS	CORRECT
Flu_N1_64_Ont_Def_2	queries/xzaoa	1.0	warmup	67.0	1.0	0.0074082800000000015	SUCCESS	CORRECT
Flu_N1_64_Ont_Def_2	queries/xzamh	1.0	warmup	68.0	1.0	0.009088204	SUCCESS	CORRECT
Flu_N1_64_Ont_Def_2	queries/xkl	1.0	warmup	69.0	1.0	0.038086366	SUCCESS	CORRECT
Flu_N1_64_Ont_Def_2	queries/xzavb	1.0	warmup	70.0	1001.0	0.059365012	SUCCESS	CORRECT
Flu_N1_64_Ont_Def_2	queries/xzauo	1.0	warmup	71.0	0.0	0.008521515	SUCCESS	CORRECT
Flu_N1_64_Ont_Def_2	queries/xtc	1.0	warmup	72.0	1.0	0.008145665	SUCCESS	CORRECT
Flu_N1_64_Ont_Def_2	queries/xyj	1.0	warmup	73.0	0.0	0.008411324000000001	SUCCESS	CORRECT
Flu_N1_64_Ont_Def_2	queries/xzagw	1.0	warmup	74.0	1.0	0.008519721000000001	SUCCESS	CORRECT
Flu_N1_64_Ont_Def_2	queries/xzahg	1.0	warmup	75.0	1.0	0.05338111	SUCCESS	CORRECT
Flu_N1_64_Ont_Def_2	queries/xaf	1.0	warmup	76.0	0.0	0.203704296	SUCCESS	UNCERTAIN
Flu_N1_64_Ont_Def_2	queries/xjo	1.0	warmup	77.0	1.0	1.361258	SUCCESS	CORRECT
Flu_N1_64_Ont_Def_2	queries/xeu	1.0	warmup	78.0	1.0	0.022136042	SUCCESS	CORRECT
Flu_N1_64_Ont_Def_2	queries/xjg	1.0	warmup	79.0	1.0	8.134254146	SUCCESS	CORRECT
Flu_N1_64_Ont_Def_2	queries/xss	1.0	warmup	80.0	1.0	8.145317902999999	SUCCESS	CORRECT
Flu_N1_64_Ont_Def_2	queries/xzagb	1.0	warmup	81.0	0.0	0.010424639	SUCCESS	CORRECT
Flu_N1_64_Ont_Def_2	queries/xlk	1.0	warmup	82.0	1.0	1142.083683887	SUCCESS	CORRECT
Flu_N1_64_Ont_Def_2	queries/xag	1.0	warmup	83.0	1.0	0.484244371	SUCCESS	CORRECT
Flu_N1_64_Ont_Def_2	queries/xft	1.0	warmup	84.0	1.0	0.008944945000000001	SUCCESS	CORRECT
Flu_N1_64_Ont_Def_2	queries/xyw	1.0	warmup	85.0	1.0	0.020657411	SUCCESS	CORRECT
Flu_N1_64_Ont_Def_2	queries/xzagu	1.0	warmup	86.0	2.0	4.624343627	SUCCESS	CORRECT
Flu_N1_64_Ont_Def_2	queries/xzasd	1.0	warmup	87.0	1.0	0.012302183999999999	SUCCESS	CORRECT
Flu_N1_64_Ont_Def_2	queries/xtz	1.0	warmup	88.0	1.0	0.7492149010000001	SUCCESS	CORRECT
Flu_N1_64_Ont_Def_2	queries/xcc	1.0	warmup	89.0	10.0	0.018011453	SUCCESS	CORRECT
Flu_N1_64_Ont_Def_2	queries/xjp	1.0	warmup	90.0	16.0	2.297231753	SUCCESS	CORRECT
Flu_N1_64_Ont_Def_2	queries/xzaip	1.0	warmup	91.0	1.0	0.010330199	SUCCESS	CORRECT
Flu_N1_64_Ont_Def_2	queries/xsb	1.0	warmup	92.0	1.0	0.05715816	SUCCESS	CORRECT
Flu_N1_64_Ont_Def_2	queries/xhs	1.0	warmup	93.0	1.0	0.007061875	SUCCESS	CORRECT
Flu_N1_64_Ont_Def_2	queries/xuy	1.0	warmup	94.0	0.0	0.006834205	SUCCESS	CORRECT
Flu_N1_64_Ont_Def_2	queries/xzafx	1.0	warmup	95.0	0.0	0.008929361	SUCCESS	CORRECT
Flu_N1_64_Ont_Def_2	queries/xhb	1.0	warmup	96.0	1.0	0.006638724	SUCCESS	CORRECT
Flu_N1_64_Ont_Def_2	queries/xev	1.0	warmup	97.0	1.0	0.46178688100000004	SUCCESS	CORRECT
Flu_N1_64_Ont_Def_2	queries/xzabq	1.0	warmup	98.0	1.0	0.007264700999999998	SUCCESS	CORRECT
Flu_N1_64_Ont_Def_2	queries/xzade	1.0	warmup	99.0	1.0	0.011894398999999998	SUCCESS	CORRECT
Flu_N1_64_Ont_Def_2	queries/xzajp	1.0	warmup	100.0	1.0	0.008452548	SUCCESS	CORRECT
Flu_N1_64_Ont_Def_2	queries/xzamy	1.0	warmup	101.0	1.0	13.960275019000001	SUCCESS	CORRECT
Flu_N1_64_Ont_Def_2	queries/xzavt	1.0	warmup	102.0	1.0	210.470354926	SUCCESS	CORRECT
Flu_N1_64_Ont_Def_2	queries/xfw	1.0	warmup	103.0	1.0	2.180808147	SUCCESS	CORRECT
Flu_N1_64_Ont_Def_2	queries/xht	1.0	warmup	104.0	0.0	0.24917834100000003	SUCCESS	CORRECT
Flu_N1_64_Ont_Def_2	queries/xzakr	1.0	warmup	105.0	1.0	0.006955510000000001	SUCCESS	CORRECT
Flu_N1_64_Ont_Def_2	queries/xak	1.0	warmup	106.0	1.0	1.2584480960000002	SUCCESS	CORRECT
Flu_N1_64_Ont_Def_2	queries/xyb	1.0	warmup	107.0	0.0	0.008548375	SUCCESS	CORRECT
Flu_N1_64_Ont_Def_2	queries/xzake	1.0	warmup	108.0	1.0	0.41355721700000003	SUCCESS	CORRECT
Flu_N1_64_Ont_Def_2	queries/xzarx	1.0	warmup	109.0	2.0	0.008328568000000001	SUCCESS	CORRECT
Flu_N1_64_Ont_Def_2	queries/xzarl	1.0	warmup	110.0	0.0	0.009650909	SUCCESS	CORRECT
Flu_N1_64_Ont_Def_2	queries/xnh	1.0	warmup	111.0	0.0	0.007895622	SUCCESS	CORRECT
Flu_N1_64_Ont_Def_2	queries/xit	1.0	warmup	112.0	1.0	0.019772806	SUCCESS	CORRECT
Flu_N1_64_Ont_Def_2	queries/xpe	1.0	warmup	113.0	1.0	0.02205032	SUCCESS	CORRECT
Flu_N1_64_Ont_Def_2	queries/xzadu	1.0	warmup	114.0	1.0	0.005839123000000001	SUCCESS	CORRECT
Flu_N1_64_Ont_Def_2	queries/xhr	1.0	warmup	115.0	1.0	0.02719574	SUCCESS	CORRECT
Flu_N1_64_Ont_Def_2	queries/xzady	1.0	warmup	116.0	1.0	2.174481826	SUCCESS	CORRECT
Flu_N1_64_Ont_Def_2	queries/xzadz	1.0	warmup	117.0	0.0	0.009566709	SUCCESS	CORRECT
Flu_N1_64_Ont_Def_2	queries/xub	1.0	warmup	118.0	1.0	0.007642144	SUCCESS	CORRECT
Flu_N1_64_Ont_Def_2	queries/xzalx	1.0	warmup	119.0	1.0	0.00626321	SUCCESS	CORRECT
Flu_N1_64_Ont_Def_2	queries/xzaaz	1.0	warmup	120.0	0.0	0.007444578	SUCCESS	CORRECT
Flu_N1_64_Ont_Def_2	queries/xdq	1.0	warmup	121.0	1.0	0.007921207	SUCCESS	CORRECT
Flu_N1_64_Ont_Def_2	queries/xzalg	1.0	warmup	122.0	0.0	0.008450530000000001	SUCCESS	CORRECT
Flu_N1_64_Ont_Def_2	queries/xaz	1.0	warmup	123.0	1.0	0.008413361	SUCCESS	CORRECT
Flu_N1_64_Ont_Def_2	queries/xfe	1.0	warmup	124.0	1.0	0.009048752	SUCCESS	CORRECT
Flu_N1_64_Ont_Def_2	queries/xis	1.0	warmup	125.0	2.0	0.009748166	SUCCESS	CORRECT
Flu_N1_64_Ont_Def_2	queries/xzakf	1.0	warmup	126.0	1.0	2.143715396	SUCCESS	CORRECT
Flu_N1_64_Ont_Def_2	queries/xgm	1.0	warmup	127.0	0.0	0.010037073	SUCCESS	CORRECT
Flu_N1_64_Ont_Def_2	queries/xzauf	1.0	warmup	128.0	1.0	0.033189342999999996	SUCCESS	CORRECT
Flu_N1_64_Ont_Def_2	queries/xut	1.0	warmup	129.0	1.0	3.763265837	SUCCESS	CORRECT
Flu_N1_64_Ont_Def_2	queries/xzadn	1.0	warmup	130.0	5.0	0.016180117	SUCCESS	CORRECT
Flu_N1_64_Ont_Def_2	queries/xzahj	1.0	warmup	131.0	3.0	68.42350952700001	SUCCESS	CORRECT
Flu_N1_64_Ont_Def_2	queries/xzaiv	1.0	warmup	132.0	0.0	0.010771076	SUCCESS	CORRECT
Flu_N1_64_Ont_Def_2	queries/xlv	1.0	warmup	133.0	0.0	0.008305994	SUCCESS	CORRECT
Flu_N1_64_Ont_Def_2	queries/xep	1.0	warmup	134.0	1.0	0.011308695	SUCCESS	CORRECT
Flu_N1_64_Ont_Def_2	queries/xnq	1.0	warmup	135.0	1.0	3.06066306	SUCCESS	CORRECT
Flu_N1_64_Ont_Def_2	queries/xzapk	1.0	warmup	136.0	0.0	0.008162502	SUCCESS	CORRECT
Flu_N1_64_Ont_Def_2	queries/xar	1.0	warmup	137.0	1.0	0.022339618	SUCCESS	CORRECT
Flu_N1_64_Ont_Def_2	queries/xhg	1.0	warmup	138.0	1.0	0.008358679	SUCCESS	CORRECT
Flu_N1_64_Ont_Def_2	queries/xzadt	1.0	warmup	139.0	1.0	0.030833209	SUCCESS	CORRECT
Flu_N1_64_Ont_Def_2	queries/xsh	1.0	warmup	140.0	1.0	0.009994712	SUCCESS	CORRECT
Flu_N1_64_Ont_Def_2	queries/xcl	1.0	warmup	141.0	1.0	0.218435011	SUCCESS	CORRECT
Flu_N1_64_Ont_Def_2	queries/xin	1.0	warmup	142.0	0.0	0.007955446	SUCCESS	CORRECT
Flu_N1_64_Ont_Def_2	queries/xyc	1.0	warmup	143.0	1.0	2.117795965	SUCCESS	CORRECT
Flu_N1_64_Ont_Def_2	queries/xzavm	1.0	warmup	144.0	1.0	0.010440494	SUCCESS	CORRECT
Flu_N1_64_Ont_Def_2	queries/xab	1.0	warmup	145.0	2.0	0.040591512	SUCCESS	CORRECT
Flu_N1_64_Ont_Def_2	queries/xzasv	1.0	warmup	146.0	0.0	0.008893224	SUCCESS	CORRECT
Flu_N1_64_Ont_Def_2	queries/xli	1.0	warmup	147.0	0.0	0.308187975	SUCCESS	CORRECT
Flu_N1_64_Ont_Def_2	queries/xzadi	1.0	warmup	148.0	1.0	0.048251343	SUCCESS	CORRECT
Flu_N1_64_Ont_Def_2	queries/xtb	1.0	warmup	149.0	1.0	0.033222427000000006	SUCCESS	CORRECT
Flu_N1_64_Ont_Def_2	queries/xzaer	1.0	warmup	150.0	1.0	0.570017825	SUCCESS	CORRECT
Flu_N1_64_Ont_Def_2	queries/xzald	1.0	warmup	151.0	1.0	0.022087838	SUCCESS	CORRECT
Flu_N1_64_Ont_Def_2	queries/xzatk	1.0	warmup	152.0	0.0	0.007124325999999999	SUCCESS	CORRECT
Flu_N1_64_Ont_Def_2	queries/xzaei	1.0	warmup	153.0	1.0	0.030581596000000006	SUCCESS	CORRECT
Flu_N1_64_Ont_Def_2	queries/xzapv	1.0	warmup	154.0	0.0	0.010217927	SUCCESS	CORRECT
Flu_N1_64_Ont_Def_2	queries/xzahp	1.0	warmup	155.0	1.0	0.031222660000000006	SUCCESS	CORRECT
Flu_N1_64_Ont_Def_2	queries/xzahs	1.0	warmup	156.0	1.0	0.0071863219999999985	SUCCESS	CORRECT
Flu_N1_64_Ont_Def_2	queries/xdl	1.0	warmup	157.0	1.0	64.211241736	SUCCESS	CORRECT
Flu_N1_64_Ont_Def_2	queries/xzafc	1.0	warmup	158.0	1.0	0.6343547610000001	SUCCESS	CORRECT
Flu_N1_64_Ont_Def_2	queries/xzauj	1.0	warmup	159.0	1.0	0.006443000000000001	SUCCESS	CORRECT
Flu_N1_64_Ont_Def_2	queries/xzame	1.0	warmup	160.0	1.0	0.006866641999999999	SUCCESS	CORRECT
Flu_N1_64_Ont_Def_2	queries/xzabb	1.0	warmup	161.0	1.0	57.030587544	SUCCESS	CORRECT
Flu_N1_64_Ont_Def_2	queries/xzaes	1.0	warmup	162.0	1.0	0.014445211	SUCCESS	CORRECT
Flu_N1_64_Ont_Def_2	queries/xzajk	1.0	warmup	163.0	1.0	0.029510019	SUCCESS	CORRECT
Flu_N1_64_Ont_Def_2	queries/xzabe	1.0	warmup	164.0	1.0	0.008621480999999999	SUCCESS	CORRECT
Flu_N1_64_Ont_Def_2	queries/xzaqx	1.0	warmup	165.0	0.0	0.008660048	SUCCESS	CORRECT
Flu_N1_64_Ont_Def_2	queries/xzaql	1.0	warmup	166.0	1.0	0.028814372	SUCCESS	CORRECT
Flu_N1_64_Ont_Def_2	queries/xzakm	1.0	warmup	167.0	2.0	0.006296072	SUCCESS	CORRECT
Flu_N1_64_Ont_Def_2	queries/xbt	1.0	warmup	168.0	1.0	0.011121677	SUCCESS	CORRECT
Flu_N1_64_Ont_Def_2	queries/xzahw	1.0	warmup	169.0	1.0	0.007929232	SUCCESS	CORRECT
Flu_N1_64_Ont_Def_2	queries/xzali	1.0	warmup	170.0	1.0	0.024550512000000003	SUCCESS	CORRECT
Flu_N1_64_Ont_Def_2	queries/xzaev	1.0	warmup	171.0	1.0	2.156417136	SUCCESS	CORRECT
Flu_N1_64_Ont_Def_2	queries/xpy	1.0	warmup	172.0	1.0	52.277570458	SUCCESS	CORRECT
Flu_N1_64_Ont_Def_2	queries/xzaih	1.0	warmup	173.0	1.0	0.00881992	SUCCESS	CORRECT
Flu_N1_64_Ont_Def_2	queries/xmg	1.0	warmup	174.0	1.0	0.048754186	SUCCESS	CORRECT
Flu_N1_64_Ont_Def_2	queries/xzalc	1.0	warmup	175.0	-1.0	1200.0	TIMEOUT	INCORRECT
Flu_N1_64_Ont_Def_2	queries/xzadp	1.0	warmup	176.0	-1.0	1200.0	TIMEOUT	INCORRECT
Flu_N1_64_Ont_Def_2	queries/xzaav	1.0	warmup	177.0	-1.0	1200.0	TIMEOUT	INCORRECT
Flu_N1_64_Ont_Def_2	queries/xnx	1.0	warmup	178.0	-1.0	1200.0	TIMEOUT	INCORRECT
Flu_N1_64_Ont_Def_2	queries/xfk	1.0	warmup	179.0	-1.0	1200.0	TIMEOUT	INCORRECT
Flu_N1_64_Ont_Def_2	queries/xzack	1.0	warmup	180.0	-1.0	1200.0	TIMEOUT	INCORRECT
Flu_N1_64_Ont_Def_2	queries/xzatp	1.0	warmup	181.0	-1.0	1200.0	TIMEOUT	INCORRECT
	queries/xaa							INCORRECT
	queries/xac							INCORRECT
	queries/xad							INCORRECT
	queries/xae							INCORRECT
	queries/xah							INCORRECT
	queries/xaj							INCORRECT
	queries/xam							INCORRECT
	queries/xan							INCORRECT
	queries/xao							INCORRECT
	queries/xap							INCORRECT
	queries/xaq							INCORRECT
	queries/xas							INCORRECT
	queries/xat							INCORRECT
	queries/xau							INCORRECT
	queries/xav							INCORRECT
	queries/xax							INCORRECT
	queries/xay							INCORRECT
	queries/xba							INCORRECT
	queries/xbb							INCORRECT
	queries/xbc							INCORRECT
	queries/xbd							INCORRECT
	queries/xbe							INCORRECT
	queries/xbf							INCORRECT
	queries/xbg							INCORRECT
	queries/xbh							INCORRECT
	queries/xbi							INCORRECT
	queries/xbj							INCORRECT
	queries/xbk							INCORRECT
	queries/xbl							INCORRECT
	queries/xbm							INCORRECT
	queries/xbn							INCORRECT
	queries/xbo							INCORRECT
	queries/xbp							INCORRECT
	queries/xbq							INCORRECT
	queries/xbr							INCORRECT
	queries/xbs							INCORRECT
	queries/xbu							INCORRECT
	queries/xbv							INCORRECT
	queries/xbw							INCORRECT
	queries/xbx							INCORRECT
	queries/xby							INCORRECT
	queries/xbz							INCORRECT
	queries/xca							INCORRECT
	queries/xcb							INCORRECT
	queries/xcd							INCORRECT
	queries/xce							INCORRECT
	queries/xcf							INCORRECT
	queries/xcg							INCORRECT
	queries/xch							INCORRECT
	queries/xci							INCORRECT
	queries/xcj							INCORRECT
	queries/xcn							INCORRECT
	queries/xcp							INCORRECT
	queries/xcq							INCORRECT
	queries/xcr							INCORRECT
	queries/xcs							INCORRECT
	queries/xct							INCORRECT
	queries/xcu							INCORRECT
	queries/xcv							INCORRECT
	queries/xcw							INCORRECT
	queries/xcx							INCORRECT
	queries/xcy							INCORRECT
	queries/xcz							INCORRECT
	queries/xda							INCORRECT
	queries/xdb							INCORRECT
	queries/xdc							INCORRECT
	queries/xdd							INCORRECT
	queries/xde							INCORRECT
	queries/xdf							INCORRECT
	queries/xdh							INCORRECT
	queries/xdj							INCORRECT
	queries/xdk							INCORRECT
	queries/xdm							INCORRECT
	queries/xdn							INCORRECT
	queries/xdo							INCORRECT
	queries/xdr							INCORRECT
	queries/xds							INCORRECT
	queries/xdt							INCORRECT
	queries/xdu							INCORRECT
	queries/xdv							INCORRECT
	queries/xdw							INCORRECT
	queries/xdx							INCORRECT
	queries/xdy							INCORRECT
	queries/xdz							INCORRECT
	queries/xea							INCORRECT
	queries/xeb							INCORRECT
	queries/xec							INCORRECT
	queries/xed							INCORRECT
	queries/xee							INCORRECT
	queries/xef							INCORRECT
	queries/xeg							INCORRECT
	queries/xeh							INCORRECT
	queries/xei							INCORRECT
	queries/xej							INCORRECT
	queries/xek							INCORRECT
	queries/xel							INCORRECT
	queries/xen							INCORRECT
	queries/xeo							INCORRECT
	queries/xeq							INCORRECT
	queries/xer							INCORRECT
	queries/xes							INCORRECT
	queries/xet							INCORRECT
	queries/xew							INCORRECT
	queries/xey							INCORRECT
	queries/xez							INCORRECT
	queries/xfa							INCORRECT
	queries/xfb							INCORRECT
	queries/xfc							INCORRECT
	queries/xfd							INCORRECT
	queries/xff							INCORRECT
	queries/xfg							INCORRECT
	queries/xfi							INCORRECT
	queries/xfj							INCORRECT
	queries/xfl							INCORRECT
	queries/xfm							INCORRECT
	queries/xfn							INCORRECT
	queries/xfo							INCORRECT
	queries/xfp							INCORRECT
	queries/xfq							INCORRECT
	queries/xfr							INCORRECT
	queries/xfs							INCORRECT
	queries/xfu							INCORRECT
	queries/xfv							INCORRECT
	queries/xfx							INCORRECT
	queries/xfy							INCORRECT
	queries/xfz							INCORRECT
	queries/xga							INCORRECT
	queries/xgc							INCORRECT
	queries/xgd							INCORRECT
	queries/xge							INCORRECT
	queries/xgf							INCORRECT
	queries/xgg							INCORRECT
	queries/xgh							INCORRECT
	queries/xgi							INCORRECT
	queries/xgj							INCORRECT
	queries/xgk							INCORRECT
	queries/xgl							INCORRECT
	queries/xgn							INCORRECT
	queries/xgo							INCORRECT
	queries/xgp							INCORRECT
	queries/xgq							INCORRECT
	queries/xgr							INCORRECT
	queries/xgs							INCORRECT
	queries/xgt							INCORRECT
	queries/xgu							INCORRECT
	queries/xgv							INCORRECT
	queries/xgw							INCORRECT
	queries/xgx							INCORRECT
	queries/xgy							INCORRECT
	queries/xgz							INCORRECT
	queries/xha							INCORRECT
	queries/xhc							INCORRECT
	queries/xhd							INCORRECT
	queries/xhe							INCORRECT
	queries/xhf							INCORRECT
	queries/xhh							INCORRECT
	queries/xhi							INCORRECT
	queries/xhj							INCORRECT
	queries/xhk							INCORRECT
	queries/xhl							INCORRECT
	queries/xhm							INCORRECT
	queries/xhn							INCORRECT
	queries/xho							INCORRECT
	queries/xhq							INCORRECT
	queries/xhu							INCORRECT
	queries/xhv							INCORRECT
	queries/xhw							INCORRECT
	queries/xhx							INCORRECT
	queries/xhy							INCORRECT
	queries/xhz							INCORRECT
	queries/xia							INCORRECT
	queries/xib							INCORRECT
	queries/xic							INCORRECT
	queries/xid							INCORRECT
	queries/xie							INCORRECT
	queries/xif							INCORRECT
	queries/xig							INCORRECT
	queries/xih							INCORRECT
	queries/xii							INCORRECT
	queries/xij							INCORRECT
	queries/xik							INCORRECT
	queries/xil							INCORRECT
	queries/xim							INCORRECT
	queries/xio							INCORRECT
	queries/xip							INCORRECT
	queries/xiq							INCORRECT
	queries/xir							INCORRECT
	queries/xiu							INCORRECT
	queries/xiv							INCORRECT
	queries/xiw							INCORRECT
	queries/xix							INCORRECT
	queries/xiy							INCORRECT
	queries/xiz							INCORRECT
	queries/xja							INCORRECT
	queries/xjb							INCORRECT
	queries/xjc							INCORRECT
	queries/xjd							INCORRECT
	queries/xje							INCORRECT
	queries/xjf							INCORRECT
	queries/xjh							INCORRECT
	queries/xji							INCORRECT
	queries/xjj							INCORRECT
	queries/xjk							INCORRECT
	queries/xjl							INCORRECT
	queries/xjm							INCORRECT
	queries/xjn							INCORRECT
	queries/xjq							INCORRECT
	queries/xjr							INCORRECT
	queries/xjs							INCORRECT
	queries/xjt							INCORRECT
	queries/xju							INCORRECT
	queries/xjv							INCORRECT
	queries/xjw							INCORRECT
	queries/xjx							INCORRECT
	queries/xjy							INCORRECT
	queries/xjz							INCORRECT
	queries/xka							INCORRECT
	queries/xkb							INCORRECT
	queries/xkc							INCORRECT
	queries/xkf							INCORRECT
	queries/xkg							INCORRECT
	queries/xkh							INCORRECT
	queries/xki							INCORRECT
	queries/xkj							INCORRECT
	queries/xkk							INCORRECT
	queries/xkm							INCORRECT
	queries/xkn							INCORRECT
	queries/xko							INCORRECT
	queries/xkp							INCORRECT
	queries/xkq							INCORRECT
	queries/xkr							INCORRECT
	queries/xks							INCORRECT
	queries/xkt							INCORRECT
	queries/xkv							INCORRECT
	queries/xkw							INCORRECT
	queries/xkx							INCORRECT
	queries/xky							INCORRECT
	queries/xkz							INCORRECT
	queries/xla							INCORRECT
	queries/xlb							INCORRECT
	queries/xlc							INCORRECT
	queries/xld							INCORRECT
	queries/xle							INCORRECT
	queries/xlf							INCORRECT
	queries/xlg							INCORRECT
	queries/xlh							INCORRECT
	queries/xlj							INCORRECT
	queries/xll							INCORRECT
	queries/xlm							INCORRECT
	queries/xln							INCORRECT
	queries/xlo							INCORRECT
	queries/xlp							INCORRECT
	queries/xlr							INCORRECT
	queries/xls							INCORRECT
	queries/xlt							INCORRECT
	queries/xlu							INCORRECT
	queries/xlw							INCORRECT
	queries/xlx							INCORRECT
	queries/xly							INCORRECT
	queries/xlz							INCORRECT
	queries/xma							INCORRECT
	queries/xmb							INCORRECT
	queries/xmc							INCORRECT
	queries/xmd							INCORRECT
	queries/xme							INCORRECT
	queries/xmf							INCORRECT
	queries/xmh							INCORRECT
	queries/xmi							INCORRECT
	queries/xmj							INCORRECT
	queries/xmk							INCORRECT
	queries/xml							INCORRECT
	queries/xmm							INCORRECT
	queries/xmn							INCORRECT
	queries/xmo							INCORRECT
	queries/xmp							INCORRECT
	queries/xmq							INCORRECT
	queries/xmr							INCORRECT
	queries/xms							INCORRECT
	queries/xmt							INCORRECT
	queries/xmu							INCORRECT
	queries/xmv							INCORRECT
	queries/xmw							INCORRECT
	queries/xmx							INCORRECT
	queries/xmy							INCORRECT
	queries/xmz							INCORRECT
	queries/xna							INCORRECT
	queries/xnb							INCORRECT
	queries/xnc							INCORRECT
	queries/xnd							INCORRECT
	queries/xne							INCORRECT
	queries/xnf							INCORRECT
	queries/xng							INCORRECT
	queries/xni							INCORRECT
	queries/xnj							INCORRECT
	queries/xnl							INCORRECT
	queries/xnm							INCORRECT
	queries/xnn							INCORRECT
	queries/xno							INCORRECT
	queries/xnr							INCORRECT
	queries/xns							INCORRECT
	queries/xnt							INCORRECT
	queries/xnu							INCORRECT
	queries/xnv							INCORRECT
	queries/xnw							INCORRECT
	queries/xny							INCORRECT
	queries/xnz							INCORRECT
	queries/xoa							INCORRECT
	queries/xob							INCORRECT
	queries/xoc							INCORRECT
	queries/xod							INCORRECT
	queries/xoe							INCORRECT
	queries/xof							INCORRECT
	queries/xog							INCORRECT
	queries/xoh							INCORRECT
	queries/xoi							INCORRECT
	queries/xoj							INCORRECT
	queries/xok							INCORRECT
	queries/xol							INCORRECT
	queries/xom							INCORRECT
	queries/xon							INCORRECT
	queries/xoo							INCORRECT
	queries/xop							INCORRECT
	queries/xoq							INCORRECT
	queries/xor							INCORRECT
	queries/xos							INCORRECT
	queries/xot							INCORRECT
	queries/xou							INCORRECT
	queries/xov							INCORRECT
	queries/xow							INCORRECT
	queries/xox							INCORRECT
	queries/xoy							INCORRECT
	queries/xoz							INCORRECT
	queries/xpa							INCORRECT
	queries/xpb							INCORRECT
	queries/xpc							INCORRECT
	queries/xpf							INCORRECT
	queries/xpg							INCORRECT
	queries/xph							INCORRECT
	queries/xpi							INCORRECT
	queries/xpk							INCORRECT
	queries/xpl							INCORRECT
	queries/xpm							INCORRECT
	queries/xpn							INCORRECT
	queries/xpo							INCORRECT
	queries/xpp							INCORRECT
	queries/xpr							INCORRECT
	queries/xps							INCORRECT
	queries/xpt							INCORRECT
	queries/xpu							INCORRECT
	queries/xpv							INCORRECT
	queries/xpw							INCORRECT
	queries/xpx							INCORRECT
	queries/xpz							INCORRECT
	queries/xqa							INCORRECT
	queries/xqb							INCORRECT
	queries/xqc							INCORRECT
	queries/xqd							INCORRECT
	queries/xqe							INCORRECT
	queries/xqf							INCORRECT
	queries/xqh							INCORRECT
	queries/xqi							INCORRECT
	queries/xqk							INCORRECT
	queries/xql							INCORRECT
	queries/xqn							INCORRECT
	queries/xqo							INCORRECT
	queries/xqp							INCORRECT
	queries/xqr							INCORRECT
	queries/xqs							INCORRECT
	queries/xqt							INCORRECT
	queries/xqu							INCORRECT
	queries/xqv							INCORRECT
	queries/xqw							INCORRECT
	queries/xqx							INCORRECT
	queries/xqy							INCORRECT
	queries/xqz							INCORRECT
	queries/xrb							INCORRECT
	queries/xrc							INCORRECT
	queries/xrd							INCORRECT
	queries/xre							INCORRECT
	queries/xrf							INCORRECT
	queries/xrg							INCORRECT
	queries/xrh							INCORRECT
	queries/xri							INCORRECT
	queries/xrj							INCORRECT
	queries/xrk							INCORRECT
	queries/xrl							INCORRECT
	queries/xrm							INCORRECT
	queries/xrn							INCORRECT
	queries/xro							INCORRECT
	queries/xrp							INCORRECT
	queries/xrq							INCORRECT
	queries/xrr							INCORRECT
	queries/xrs							INCORRECT
	queries/xrt							INCORRECT
	queries/xru							INCORRECT
	queries/xrw							INCORRECT
	queries/xrx							INCORRECT
	queries/xry							INCORRECT
	queries/xrz							INCORRECT
	queries/xsa							INCORRECT
	queries/xsc							INCORRECT
	queries/xsd							INCORRECT
	queries/xse							INCORRECT
	queries/xsf							INCORRECT
	queries/xsg							INCORRECT
	queries/xsi							INCORRECT
	queries/xsj							INCORRECT
	queries/xsk							INCORRECT
	queries/xsl							INCORRECT
	queries/xsm							INCORRECT
	queries/xsn							INCORRECT
	queries/xso							INCORRECT
	queries/xsp							INCORRECT
	queries/xsq							INCORRECT
	queries/xsr							INCORRECT
	queries/xst							INCORRECT
	queries/xsu							INCORRECT
	queries/xsv							INCORRECT
	queries/xsw							INCORRECT
	queries/xsy							INCORRECT
	queries/xsz							INCORRECT
	queries/xta							INCORRECT
	queries/xtd							INCORRECT
	queries/xte							INCORRECT
	queries/xtg							INCORRECT
	queries/xth							INCORRECT
	queries/xti							INCORRECT
	queries/xtj							INCORRECT
	queries/xtk							INCORRECT
	queries/xtl							INCORRECT
	queries/xtm							INCORRECT
	queries/xtn							INCORRECT
	queries/xto							INCORRECT
	queries/xtp							INCORRECT
	queries/xtq							INCORRECT
	queries/xtr							INCORRECT
	queries/xts							INCORRECT
	queries/xtt							INCORRECT
	queries/xtu							INCORRECT
	queries/xtv							INCORRECT
	queries/xtw							INCORRECT
	queries/xtx							INCORRECT
	queries/xty							INCORRECT
	queries/xua							INCORRECT
	queries/xuc							INCORRECT
	queries/xud							INCORRECT
	queries/xue							INCORRECT
	queries/xuf							INCORRECT
	queries/xug							INCORRECT
	queries/xuh							INCORRECT
	queries/xui							INCORRECT
	queries/xuj							INCORRECT
	queries/xuk							INCORRECT
	queries/xul							INCORRECT
	queries/xum							INCORRECT
	queries/xun							INCORRECT
	queries/xuo							INCORRECT
	queries/xup							INCORRECT
	queries/xuq							INCORRECT
	queries/xur							INCORRECT
	queries/xus							INCORRECT
	queries/xuu							INCORRECT
	queries/xuv							INCORRECT
	queries/xuw							INCORRECT
	queries/xuz							INCORRECT
	queries/xva							INCORRECT
	queries/xvb							INCORRECT
	queries/xvc							INCORRECT
	queries/xvd							INCORRECT
	queries/xvf							INCORRECT
	queries/xvg							INCORRECT
	queries/xvh							INCORRECT
	queries/xvi							INCORRECT
	queries/xvj							INCORRECT
	queries/xvk							INCORRECT
	queries/xvl							INCORRECT
	queries/xvm							INCORRECT
	queries/xvn							INCORRECT
	queries/xvo							INCORRECT
	queries/xvp							INCORRECT
	queries/xvq							INCORRECT
	queries/xvr							INCORRECT
	queries/xvs							INCORRECT
	queries/xvt							INCORRECT
	queries/xvu							INCORRECT
	queries/xvv							INCORRECT
	queries/xvw							INCORRECT
	queries/xvx							INCORRECT
	queries/xvy							INCORRECT
	queries/xvz							INCORRECT
	queries/xwa							INCORRECT
	queries/xwb							INCORRECT
	queries/xwc							INCORRECT
	queries/xwe							INCORRECT
	queries/xwf							INCORRECT
	queries/xwh							INCORRECT
	queries/xwi							INCORRECT
	queries/xwj							INCORRECT
	queries/xwk							INCORRECT
	queries/xwl							INCORRECT
	queries/xwo							INCORRECT
	queries/xwp							INCORRECT
	queries/xwq							INCORRECT
	queries/xwr							INCORRECT
	queries/xws							INCORRECT
	queries/xwt							INCORRECT
	queries/xwu							INCORRECT
	queries/xwv							INCORRECT
	queries/xww							INCORRECT
	queries/xwx							INCORRECT
	queries/xwy							INCORRECT
	queries/xwz							INCORRECT
	queries/xxa							INCORRECT
	queries/xxb							INCORRECT
	queries/xxc							INCORRECT
	queries/xxd							INCORRECT
	queries/xxe							INCORRECT
	queries/xxf							INCORRECT
	queries/xxg							INCORRECT
	queries/xxh							INCORRECT
	queries/xxi							INCORRECT
	queries/xxj							INCORRECT
	queries/xxk							INCORRECT
	queries/xxl							INCORRECT
	queries/xxm							INCORRECT
	queries/xxn							INCORRECT
	queries/xxo							INCORRECT
	queries/xxp							INCORRECT
	queries/xxq							INCORRECT
	queries/xxr							INCORRECT
	queries/xxs							INCORRECT
	queries/xxt							INCORRECT
	queries/xxu							INCORRECT
	queries/xxv							INCORRECT
	queries/xxw							INCORRECT
	queries/xxx							INCORRECT
	queries/xxy							INCORRECT
	queries/xxz							INCORRECT
	queries/xya							INCORRECT
	queries/xyd							INCORRECT
	queries/xye							INCORRECT
	queries/xyf							INCORRECT
	queries/xyh							INCORRECT
	queries/xyi							INCORRECT
	queries/xyk							INCORRECT
	queries/xyl							INCORRECT
	queries/xym							INCORRECT
	queries/xyn							INCORRECT
	queries/xyo							INCORRECT
	queries/xyp							INCORRECT
	queries/xyq							INCORRECT
	queries/xyr							INCORRECT
	queries/xys							INCORRECT
	queries/xyt							INCORRECT
	queries/xyu							INCORRECT
	queries/xyv							INCORRECT
	queries/xyx							INCORRECT
	queries/xyy							INCORRECT
	queries/xyz							INCORRECT
	queries/xzaaa							INCORRECT
	queries/xzaab							INCORRECT
	queries/xzaac							INCORRECT
	queries/xzaad							INCORRECT
	queries/xzaae							INCORRECT
	queries/xzaaf							INCORRECT
	queries/xzaag							INCORRECT
	queries/xzaah							INCORRECT
	queries/xzaai							INCORRECT
	queries/xzaaj							INCORRECT
	queries/xzaak							INCORRECT
	queries/xzaal							INCORRECT
	queries/xzaam							INCORRECT
	queries/xzaan							INCORRECT
	queries/xzaao							INCORRECT
	queries/xzaap							INCORRECT
	queries/xzaaq							INCORRECT
	queries/xzaar							INCORRECT
	queries/xzaas							INCORRECT
	queries/xzaat							INCORRECT
	queries/xzaau							INCORRECT
	queries/xzaaw							INCORRECT
	queries/xzaax							INCORRECT
	queries/xzaay							INCORRECT
	queries/xzaba							INCORRECT
	queries/xzabc							INCORRECT
	queries/xzabd							INCORRECT
	queries/xzabf							INCORRECT
	queries/xzabg							INCORRECT
	queries/xzabh							INCORRECT
	queries/xzabi							INCORRECT
	queries/xzabj							INCORRECT
	queries/xzabk							INCORRECT
	queries/xzabl							INCORRECT
	queries/xzabm							INCORRECT
	queries/xzabn							INCORRECT
	queries/xzabo							INCORRECT
	queries/xzabp							INCORRECT
	queries/xzabr							INCORRECT
	queries/xzabt							INCORRECT
	queries/xzabu							INCORRECT
	queries/xzabv							INCORRECT
	queries/xzabw							INCORRECT
	queries/xzabx							INCORRECT
	queries/xzaby							INCORRECT
	queries/xzabz							INCORRECT
	queries/xzaca							INCORRECT
	queries/xzacb							INCORRECT
	queries/xzacc							INCORRECT
	queries/xzacd							INCORRECT
	queries/xzace							INCORRECT
	queries/xzacf							INCORRECT
	queries/xzacg							INCORRECT
	queries/xzach							INCORRECT
	queries/xzaci							INCORRECT
	queries/xzacj							INCORRECT
	queries/xzacl							INCORRECT
	queries/xzacm							INCORRECT
	queries/xzacn							INCORRECT
	queries/xzaco							INCORRECT
	queries/xzacp							INCORRECT
	queries/xzacq							INCORRECT
	queries/xzacr							INCORRECT
	queries/xzacs							INCORRECT
	queries/xzact							INCORRECT
	queries/xzacu							INCORRECT
	queries/xzacv							INCORRECT
	queries/xzacw							INCORRECT
	queries/xzacx							INCORRECT
	queries/xzacy							INCORRECT
	queries/xzacz							INCORRECT
	queries/xzada							INCORRECT
	queries/xzadc							INCORRECT
	queries/xzadd							INCORRECT
	queries/xzadf							INCORRECT
	queries/xzadg							INCORRECT
	queries/xzadh							INCORRECT
	queries/xzadj							INCORRECT
	queries/xzadk							INCORRECT
	queries/xzadl							INCORRECT
	queries/xzadm							INCORRECT
	queries/xzadq							INCORRECT
	queries/xzadr							INCORRECT
	queries/xzads							INCORRECT
	queries/xzadv							INCORRECT
	queries/xzadw							INCORRECT
	queries/xzadx							INCORRECT
	queries/xzaea							INCORRECT
	queries/xzaeb							INCORRECT
	queries/xzaec							INCORRECT
	queries/xzaed							INCORRECT
	queries/xzaee							INCORRECT
	queries/xzaef							INCORRECT
	queries/xzaeg							INCORRECT
	queries/xzaeh							INCORRECT
	queries/xzaek							INCORRECT
	queries/xzael							INCORRECT
	queries/xzaem							INCORRECT
	queries/xzaen							INCORRECT
	queries/xzaeo							INCORRECT
	queries/xzaep							INCORRECT
	queries/xzaeq							INCORRECT
	queries/xzaet							INCORRECT
	queries/xzaeu							INCORRECT
	queries/xzaew							INCORRECT
	queries/xzaex							INCORRECT
	queries/xzaey							INCORRECT
	queries/xzaez							INCORRECT
	queries/xzafa							INCORRECT
	queries/xzafb							INCORRECT
	queries/xzafd							INCORRECT
	queries/xzafe							INCORRECT
	queries/xzaff							INCORRECT
	queries/xzafg							INCORRECT
	queries/xzafh							INCORRECT
	queries/xzafi							INCORRECT
	queries/xzafj							INCORRECT
	queries/xzafk							INCORRECT
	queries/xzafl							INCORRECT
	queries/xzafm							INCORRECT
	queries/xzafn							INCORRECT
	queries/xzafo							INCORRECT
	queries/xzafp							INCORRECT
	queries/xzafq							INCORRECT
	queries/xzafs							INCORRECT
	queries/xzaft							INCORRECT
	queries/xzafu							INCORRECT
	queries/xzafv							INCORRECT
	queries/xzafw							INCORRECT
	queries/xzafy							INCORRECT
	queries/xzafz							INCORRECT
	queries/xzaga							INCORRECT
	queries/xzagc							INCORRECT
	queries/xzagd							INCORRECT
	queries/xzage							INCORRECT
	queries/xzagf							INCORRECT
	queries/xzagg							INCORRECT
	queries/xzagh							INCORRECT
	queries/xzagi							INCORRECT
	queries/xzagj							INCORRECT
	queries/xzagl							INCORRECT
	queries/xzagm							INCORRECT
	queries/xzago							INCORRECT
	queries/xzagp							INCORRECT
	queries/xzagq							INCORRECT
	queries/xzagr							INCORRECT
	queries/xzags							INCORRECT
	queries/xzagt							INCORRECT
	queries/xzagv							INCORRECT
	queries/xzagy							INCORRECT
	queries/xzagz							INCORRECT
	queries/xzaha							INCORRECT
	queries/xzahc							INCORRECT
	queries/xzahd							INCORRECT
	queries/xzahe							INCORRECT
	queries/xzahh							INCORRECT
	queries/xzahi							INCORRECT
	queries/xzahk							INCORRECT
	queries/xzahl							INCORRECT
	queries/xzahm							INCORRECT
	queries/xzahn							INCORRECT
	queries/xzaho							INCORRECT
	queries/xzahr							INCORRECT
	queries/xzaht							INCORRECT
	queries/xzahu							INCORRECT
	queries/xzahv							INCORRECT
	queries/xzahx							INCORRECT
	queries/xzahy							INCORRECT
	queries/xzahz							INCORRECT
	queries/xzaia							INCORRECT
	queries/xzaib							INCORRECT
	queries/xzaic							INCORRECT
	queries/xzaid							INCORRECT
	queries/xzaie							INCORRECT
	queries/xzaif							INCORRECT
	queries/xzaig							INCORRECT
	queries/xzaii							INCORRECT
	queries/xzaij							INCORRECT
	queries/xzaik							INCORRECT
	queries/xzail							INCORRECT
	queries/xzaim							INCORRECT
	queries/xzain							INCORRECT
	queries/xzaio							INCORRECT
	queries/xzaiq							INCORRECT
	queries/xzair							INCORRECT
	queries/xzais							INCORRECT
	queries/xzait							INCORRECT
	queries/xzaiu							INCORRECT
	queries/xzaiw							INCORRECT
	queries/xzaix							INCORRECT
	queries/xzaiy							INCORRECT
	queries/xzaiz							INCORRECT
	queries/xzaja							INCORRECT
	queries/xzajb							INCORRECT
	queries/xzajc							INCORRECT
	queries/xzajd							INCORRECT
	queries/xzaje							INCORRECT
	queries/xzajf							INCORRECT
	queries/xzajg							INCORRECT
	queries/xzaji							INCORRECT
	queries/xzajj							INCORRECT
	queries/xzajl							INCORRECT
	queries/xzajn							INCORRECT
	queries/xzajo							INCORRECT
	queries/xzajq							INCORRECT
	queries/xzajr							INCORRECT
	queries/xzajs							INCORRECT
	queries/xzajt							INCORRECT
	queries/xzaju							INCORRECT
	queries/xzajv							INCORRECT
	queries/xzajw							INCORRECT
	queries/xzajx							INCORRECT
	queries/xzajy							INCORRECT
	queries/xzajz							INCORRECT
	queries/xzaka							INCORRECT
	queries/xzakb							INCORRECT
	queries/xzakc							INCORRECT
	queries/xzakd							INCORRECT
	queries/xzakg							INCORRECT
	queries/xzakh							INCORRECT
	queries/xzaki							INCORRECT
	queries/xzakj							INCORRECT
	queries/xzakk							INCORRECT
	queries/xzakl							INCORRECT
	queries/xzakn							INCORRECT
	queries/xzako							INCORRECT
	queries/xzakp							INCORRECT
	queries/xzakq							INCORRECT
	queries/xzaks							INCORRECT
	queries/xzakt							INCORRECT
	queries/xzaku							INCORRECT
	queries/xzakv							INCORRECT
	queries/xzakw							INCORRECT
	queries/xzakx							INCORRECT
	queries/xzaky							INCORRECT
	queries/xzakz							INCORRECT
	queries/xzala							INCORRECT
	queries/xzalb							INCORRECT
	queries/xzale							INCORRECT
	queries/xzalf							INCORRECT
	queries/xzalh							INCORRECT
	queries/xzalj							INCORRECT
	queries/xzalk							INCORRECT
	queries/xzall							INCORRECT
	queries/xzalm							INCORRECT
	queries/xzaln							INCORRECT
	queries/xzalo							INCORRECT
	queries/xzalp							INCORRECT
	queries/xzalq							INCORRECT
	queries/xzalr							INCORRECT
	queries/xzals							INCORRECT
	queries/xzalt							INCORRECT
	queries/xzalu							INCORRECT
	queries/xzalv							INCORRECT
	queries/xzalw							INCORRECT
	queries/xzaly							INCORRECT
	queries/xzalz							INCORRECT
	queries/xzama							INCORRECT
	queries/xzamb							INCORRECT
	queries/xzamc							INCORRECT
	queries/xzamd							INCORRECT
	queries/xzamg							INCORRECT
	queries/xzami							INCORRECT
	queries/xzamj							INCORRECT
	queries/xzamk							INCORRECT
	queries/xzaml							INCORRECT
	queries/xzamm							INCORRECT
	queries/xzamn							INCORRECT
	queries/xzamo							INCORRECT
	queries/xzamp							INCORRECT
	queries/xzamq							INCORRECT
	queries/xzamr							INCORRECT
	queries/xzams							INCORRECT
	queries/xzamt							INCORRECT
	queries/xzamu							INCORRECT
	queries/xzamv							INCORRECT
	queries/xzamw							INCORRECT
	queries/xzamx							INCORRECT
	queries/xzana							INCORRECT
	queries/xzanb							INCORRECT
	queries/xzanc							INCORRECT
	queries/xzand							INCORRECT
	queries/xzane							INCORRECT
	queries/xzanf							INCORRECT
	queries/xzang							INCORRECT
	queries/xzanh							INCORRECT
	queries/xzani							INCORRECT
	queries/xzanj							INCORRECT
	queries/xzanl							INCORRECT
	queries/xzanm							INCORRECT
	queries/xzann							INCORRECT
	queries/xzanp							INCORRECT
	queries/xzanq							INCORRECT
	queries/xzanr							INCORRECT
	queries/xzans							INCORRECT
	queries/xzant							INCORRECT
	queries/xzanu							INCORRECT
	queries/xzanv							INCORRECT
	queries/xzanw							INCORRECT
	queries/xzanx							INCORRECT
	queries/xzany							INCORRECT
	queries/xzanz							INCORRECT
	queries/xzaob							INCORRECT
	queries/xzaoc							INCORRECT
	queries/xzaod							INCORRECT
	queries/xzaoe							INCORRECT
	queries/xzaof							INCORRECT
	queries/xzaog							INCORRECT
	queries/xzaoh							INCORRECT
	queries/xzaoi							INCORRECT
	queries/xzaoj							INCORRECT
	queries/xzaok							INCORRECT
	queries/xzaol							INCORRECT
	queries/xzaom							INCORRECT
	queries/xzaon							INCORRECT
	queries/xzaoo							INCORRECT
	queries/xzaop							INCORRECT
	queries/xzaoq							INCORRECT
	queries/xzaor							INCORRECT
	queries/xzaos							INCORRECT
	queries/xzaot							INCORRECT
	queries/xzaou							INCORRECT
	queries/xzaov							INCORRECT
	queries/xzaow							INCORRECT
	queries/xzaox							INCORRECT
	queries/xzaoy							INCORRECT
	queries/xzaoz							INCORRECT
	queries/xzapa							INCORRECT
	queries/xzapb							INCORRECT
	queries/xzapc							INCORRECT
	queries/xzapd							INCORRECT
	queries/xzape							INCORRECT
	queries/xzapf							INCORRECT
	queries/xzapg							INCORRECT
	queries/xzaph							INCORRECT
	queries/xzapi							INCORRECT
	queries/xzapj							INCORRECT
	queries/xzapl							INCORRECT
	queries/xzapm							INCORRECT
	queries/xzapn							INCORRECT
	queries/xzapo							INCORRECT
	queries/xzapp							INCORRECT
	queries/xzapq							INCORRECT
	queries/xzapr							INCORRECT
	queries/xzaps							INCORRECT
	queries/xzapt							INCORRECT
	queries/xzapw							INCORRECT
	queries/xzapx							INCORRECT
	queries/xzapy							INCORRECT
	queries/xzapz							INCORRECT
	queries/xzaqa							INCORRECT
	queries/xzaqb							INCORRECT
	queries/xzaqd							INCORRECT
	queries/xzaqe							INCORRECT
	queries/xzaqf							INCORRECT
	queries/xzaqg							INCORRECT
	queries/xzaqh							INCORRECT
	queries/xzaqi							INCORRECT
	queries/xzaqj							INCORRECT
	queries/xzaqk							INCORRECT
	queries/xzaqm							INCORRECT
	queries/xzaqn							INCORRECT
	queries/xzaqo							INCORRECT
	queries/xzaqp							INCORRECT
	queries/xzaqq							INCORRECT
	queries/xzaqr							INCORRECT
	queries/xzaqs							INCORRECT
	queries/xzaqt							INCORRECT
	queries/xzaqu							INCORRECT
	queries/xzaqv							INCORRECT
	queries/xzaqw							INCORRECT
	queries/xzaqy							INCORRECT
	queries/xzaqz							INCORRECT
	queries/xzara							INCORRECT
	queries/xzarb							INCORRECT
	queries/xzarc							INCORRECT
	queries/xzare							INCORRECT
	queries/xzarf							INCORRECT
	queries/xzarg							INCORRECT
	queries/xzarh							INCORRECT
	queries/xzari							INCORRECT
	queries/xzarj							INCORRECT
	queries/xzark							INCORRECT
	queries/xzarm							INCORRECT
	queries/xzarn							INCORRECT
	queries/xzaro							INCORRECT
	queries/xzarp							INCORRECT
	queries/xzarq							INCORRECT
	queries/xzarr							INCORRECT
	queries/xzars							INCORRECT
	queries/xzart							INCORRECT
	queries/xzaru							INCORRECT
	queries/xzarv							INCORRECT
	queries/xzarw							INCORRECT
	queries/xzary							INCORRECT
	queries/xzarz							INCORRECT
	queries/xzasa							INCORRECT
	queries/xzasb							INCORRECT
	queries/xzasf							INCORRECT
	queries/xzasg							INCORRECT
	queries/xzash							INCORRECT
	queries/xzasi							INCORRECT
	queries/xzasj							INCORRECT
	queries/xzask							INCORRECT
	queries/xzasm							INCORRECT
	queries/xzasn							INCORRECT
	queries/xzaso							INCORRECT
	queries/xzasq							INCORRECT
	queries/xzasr							INCORRECT
	queries/xzass							INCORRECT
	queries/xzast							INCORRECT
	queries/xzasu							INCORRECT
	queries/xzasw							INCORRECT
	queries/xzasx							INCORRECT
	queries/xzasy							INCORRECT
	queries/xzasz							INCORRECT
	queries/xzata							INCORRECT
	queries/xzatb							INCORRECT
	queries/xzatc							INCORRECT
	queries/xzatd							INCORRECT
	queries/xzate							INCORRECT
	queries/xzatf							INCORRECT
	queries/xzatg							INCORRECT
	queries/xzath							INCORRECT
	queries/xzati							INCORRECT
	queries/xzatj							INCORRECT
	queries/xzatl							INCORRECT
	queries/xzatm							INCORRECT
	queries/xzatn							INCORRECT
	queries/xzato							INCORRECT
	queries/xzatq							INCORRECT
	queries/xzatr							INCORRECT
	queries/xzats							INCORRECT
	queries/xzatt							INCORRECT
	queries/xzatu							INCORRECT
	queries/xzatv							INCORRECT
	queries/xzatw							INCORRECT
	queries/xzatx							INCORRECT
	queries/xzaty							INCORRECT
	queries/xzaua							INCORRECT
	queries/xzaub							INCORRECT
	queries/xzauc							INCORRECT
	queries/xzaue							INCORRECT
	queries/xzaug							INCORRECT
	queries/xzauh							INCORRECT
	queries/xzaui							INCORRECT
	queries/xzauk							INCORRECT
	queries/xzaul							INCORRECT
	queries/xzaum							INCORRECT
	queries/xzaun							INCORRECT
	queries/xzaup							INCORRECT
	queries/xzauq							INCORRECT
	queries/xzaur							INCORRECT
	queries/xzaus							INCORRECT
	queries/xzauu							INCORRECT
	queries/xzauv							INCORRECT
	queries/xzauw							INCORRECT
	queries/xzaux							INCORRECT
	queries/xzauy							INCORRECT
	queries/xzauz							INCORRECT
	queries/xzava							INCORRECT
	queries/xzavc							INCORRECT
	queries/xzavd							INCORRECT
	queries/xzave							INCORRECT
	queries/xzavf							INCORRECT
	queries/xzavg							INCORRECT
	queries/xzavh							INCORRECT
	queries/xzavi							INCORRECT
	queries/xzavj							INCORRECT
	queries/xzavk							INCORRECT
	queries/xzavl							INCORRECT
	queries/xzavn							INCORRECT
	queries/xzavo							INCORRECT
	queries/xzavp							INCORRECT
	queries/xzavq							INCORRECT
	queries/xzavr							INCORRECT
	queries/xzavs							INCORRECT
	queries/xzavu							INCORRECT
	queries/xzavv							INCORRECT
	queries/xzavw							INCORRECT
	queries/xzavx							INCORRECT
	queries/xzavz							INCORRECT
	queries/xzawa							INCORRECT
