{ 
	"triplestores"	: [


	{
		"store"				: 	"VOS",
		"CRUD"				:	3,
		"Transactions"			:	3,	
		"Full-text Search"		:	3,
		"Versioning"			:	3,
		"Bulk Loader"			:	3,
		"Typing"			:	3,
		"XML Support"			:	3,
		"Secondary Indexes"		:	3,
		"SQL"				:	3,
		"Triggers"			:	3,
		"Partitioning Methods"		:	0,
		"Replication Methods"		:	0,
		"MapReduce"			:	0,
		"Concurrency"			:	3,
		"Consistency Type"		:	1,
		"Durability"			:	2,
		"Graph Traversal functionality"	:	1,
		"DBE Ranking"			:	2,
		"Clustering"			:	0,
		"SPARQL 1.1"			:	3,
		"Nested SELECT"			:	3,
		"Property Paths"		:	3,
		"Provenance"			:	3,
		"Inference"			:	3,
		"TPF Interface"			:	0,
		"(Open) Licensing"		:	3,
		"Development Ongoing"		:	10,
		"Web UI (GUI)"			:	3,
		"Command Line interface (CLI)"	:	3,
		"Release Stable (Commercial)"	:	0,
		"Enterprise Support"		:	0,
		"Public Docker instance"	:	2,
		"Server-side scriptings"	:	3,
		"Cloud Image"			:	2
	

	},

	{
		"store"				: 	"Virtuoso Enterprise",
		"CRUD"				:	3,
		"Transactions"			:	3,	
		"Full-text Search"		:	3,
		"Versioning"			:	3,
		"Bulk Loader"			:	3,
		"Typing"			:	3,
		"XML Support"			:	3,
		"Secondary Indexes"		:	3,
		"SQL"				:	3,
		"Triggers"			:	3,
		"Partitioning Methods"		:	3,
		"Replication Methods"		:	3,
		"MapReduce"			:	0,
		"Concurrency"			:	3,
		"Consistency Type"		:	1,
		"Durability"			:	2,
		"Graph Traversal functionality"	:	1,
		"DBE Ranking"			:	2,
		"Clustering"			:	3,
		"SPARQL 1.1"			:	3,
		"Nested SELECT"			:	3,
		"Property Paths"		:	3,
		"Provenance"			:	3,
		"Inference"			:	3,
		"TPF Interface"			:	0,
		"(Open) Licensing"		:	2,
		"Development Ongoing"		:	10,
		"Web UI (GUI)"			:	3,
		"Command Line interface (CLI)"	:	3,
		"Release Stable (Commercial)"	:	3,
		"Enterprise Support"		:	3,
		"Public Docker instance"	:	0,
		"Server-side scriptings"	:	3,
		"Cloud Image"			:	3
	

	},

	{
		"store"				: 	"4store",
		"CRUD"				:	3,
		"Transactions"			:	0,	
		"Full-text Search"		:	1,
		"Versioning"			:	0,
		"Bulk Loader"			:	3,
		"Typing"			:	0,
		"XML Support"			:	0,
		"Secondary Indexes"		:	0,
		"SQL"				:	0,
		"Triggers"			:	0,
		"Partitioning Methods"		:	3,
		"Replication Methods"		:	3,
		"MapReduce"			:	0,
		"Concurrency"			:	0,
		"Consistency Type"		:	1,
		"Durability"			:	2,
		"Graph Traversal functionality"	:	0,
		"DBE Ranking"			:	1,
		"Clustering"			:	3,
		"SPARQL 1.1"			:	2,
		"Nested SELECT"			:	0,
		"Property Paths"		:	0,
		"Provenance"			:	3,
		"Inference"			:	0,
		"TPF Interface"			:	0,
		"(Open) Licensing"		:	3,
		"Development Ongoing"		:	0,
		"Web UI (GUI)"			:	1,
		"Command Line interface (CLI)"	:	1,
		"Release Stable (Commercial)"	:	0,
		"Enterprise Support"		:	0,
		"Public Docker instance"	:	2,
		"Server-side scriptings"	:	0,
		"Cloud Image"			:	0
	

	},

	{
		"store"				: 	"Jena Fuseki HDT",
		"CRUD"				:	1,
		"Transactions"			:	3,	
		"Full-text Search"		:	3,
		"Versioning"			:	0,
		"Bulk Loader"			:	3,
		"Typing"			:	3,
		"XML Support"			:	0,
		"Secondary Indexes"		:	0,
		"SQL"				:	0,
		"Triggers"			:	0,
		"Partitioning Methods"		:	0,
		"Replication Methods"		:	0,
		"MapReduce"			:	2,
		"Concurrency"			:	3,
		"Consistency Type"		:	1,
		"Durability"			:	3,
		"Graph Traversal functionality"	:	0,
		"DBE Ranking"			:	2,
		"Clustering"			:	0,
		"SPARQL 1.1"			:	3,
		"Nested SELECT"			:	3,
		"Property Paths"		:	3,
		"Provenance"			:	3,
		"Inference"			:	3,
		"TPF Interface"			:	0,
		"(Open) Licensing"		:	3,
		"Development Ongoing"		:	0,
		"Web UI (GUI)"			:	1,
		"Command Line interface (CLI)"	:	1,
		"Release Stable (Commercial)"	:	0,
		"Enterprise Support"		:	0,
		"Public Docker instance"	:	2,
		"Server-side scriptings"	:	0,
		"Cloud Image"			:	0
	

	},

	{
		"store"				: 	"Marklogic",
		"CRUD"				:	3,
		"Transactions"			:	3,	
		"Full-text Search"		:	0,
		"Versioning"			:	3,
		"Bulk Loader"			:	3,
		"Typing"			:	3,
		"XML Support"			:	3,
		"Secondary Indexes"		:	3,
		"SQL"				:	3,
		"Triggers"			:	3,
		"Partitioning Methods"		:	3,
		"Replication Methods"		:	3,
		"MapReduce"			:	3,
		"Concurrency"			:	3,
		"Consistency Type"		:	1,
		"Durability"			:	2,
		"Graph Traversal functionality"	:	0,
		"DBE Ranking"			:	3,
		"Clustering"			:	3,
		"SPARQL 1.1"			:	3,
		"Nested SELECT"			:	3,
		"Property Paths"		:	3,
		"Provenance"			:	3,
		"Inference"			:	3,
		"TPF Interface"			:	0,
		"(Open) Licensing"		:	2,
		"Development Ongoing"		:	0,
		"Web UI (GUI)"			:	3,
		"Command Line interface (CLI)"	:	3,
		"Release Stable (Commercial)"	:	3,
		"Enterprise Support"		:	0,
		"Public Docker instance"	:	1,
		"Server-side scriptings"	:	3,
		"Cloud Image"			:	3
	

	},

		{
		"store"				: 	"GraphDB",
		"CRUD"				:	3,
		"Transactions"			:	3,	
		"Full-text Search"		:	3,
		"Versioning"			:	0,
		"Bulk Loader"			:	3,
		"Typing"			:	3,
		"XML Support"			:	0,
		"Secondary Indexes"		:	3,
		"SQL"				:	0,
		"Triggers"			:	0,
		"Partitioning Methods"		:	0,
		"Replication Methods"		:	3,
		"MapReduce"			:	0,
		"Concurrency"			:	3,
		"Consistency Type"		:	3,
		"Durability"			:	2,
		"Graph Traversal functionality"	:	0,
		"DBE Ranking"			:	1,
		"Clustering"			:	3,
		"SPARQL 1.1"			:	3,
		"Nested SELECT"			:	3,
		"Property Paths"		:	3,
		"Provenance"			:	3,
		"Inference"			:	3,
		"TPF Interface"			:	0,
		"(Open) Licensing"		:	2,
		"Development Ongoing"		:	0,
		"Web UI (GUI)"			:	3,
		"Command Line interface (CLI)"	:	0,
		"Release Stable (Commercial)"	:	3,
		"Enterprise Support"		:	3,
		"Public Docker instance"	:	0,
		"Server-side scriptings"	:	3,
		"Cloud Image"			:	3
	

	},

	{
		"store"				: 	"Blazegraph",
		"CRUD"				:	3,
		"Transactions"			:	3,	
		"Full-text Search"		:	3,
		"Versioning"			:	0,
		"Bulk Loader"			:	3,
		"Typing"			:	3,
		"XML Support"			:	0,
		"Secondary Indexes"		:	3,
		"SQL"				:	0,
		"Triggers"			:	0,
		"Partitioning Methods"		:	1,
		"Replication Methods"		:	3,
		"MapReduce"			:	0,
		"Concurrency"			:	3,
		"Consistency Type"		:	3,
		"Durability"			:	2,
		"Graph Traversal functionality"	:	3,
		"DBE Ranking"			:	1,
		"Clustering"			:	3,
		"SPARQL 1.1"			:	3,
		"Nested SELECT"			:	3,
		"Property Paths"		:	3,
		"Provenance"			:	3,
		"Inference"			:	3,
		"TPF Interface"			:	3,
		"(Open) Licensing"		:	3,
		"Development Ongoing"		:	0,
		"Web UI (GUI)"			:	3,
		"Command Line interface (CLI)"	:	0,
		"Release Stable (Commercial)"	:	3,
		"Enterprise Support"		:	1,
		"Public Docker instance"	:	1,
		"Server-side scriptings"	:	3,
		"Cloud Image"			:	0
	

	},

	{
		"store"				: 	"Allegrograph",
		"CRUD"				:	3,
		"Transactions"			:	3,	
		"Full-text Search"		:	3,
		"Versioning"			:	0,
		"Bulk Loader"			:	3,
		"Typing"			:	3,
		"XML Support"			:	0,
		"Secondary Indexes"		:	3,
		"SQL"				:	0,
		"Triggers"			:	3,
		"Partitioning Methods"		:	0,
		"Replication Methods"		:	3,
		"MapReduce"			:	0,
		"Concurrency"			:	3,
		"Consistency Type"		:	3,
		"Durability"			:	2,
		"Graph Traversal functionality"	:	2,
		"DBE Ranking"			:	1,
		"Clustering"			:	3,
		"SPARQL 1.1"			:	3,
		"Nested SELECT"			:	3,
		"Property Paths"		:	3,
		"Provenance"			:	3,
		"Inference"			:	2,
		"TPF Interface"			:	0,
		"(Open) Licensing"		:	1,
		"Development Ongoing"		:	0,
		"Web UI (GUI)"			:	3,
		"Command Line interface (CLI)"	:	10,
		"Release Stable (Commercial)"	:	3,
		"Enterprise Support"		:	0,
		"Public Docker instance"	:	3,
		"Server-side scriptings"	:	3,
		"Cloud Image"			:	2
	

	},

	{
		"store"				: 	"fluidOps",
		"CRUD"				:	3,
		"Transactions"			:	3,	
		"Full-text Search"		:	3,
		"Versioning"			:	3,
		"Bulk Loader"			:	3,
		"Typing"			:	3,
		"XML Support"			:	3,
		"Secondary Indexes"		:	3,
		"SQL"				:	2,
		"Triggers"			:	3,
		"Partitioning Methods"		:	2,
		"Replication Methods"		:	0,
		"MapReduce"			:	0,
		"Concurrency"			:	3,
		"Consistency Type"		:	3,
		"Durability"			:	3,
		"Graph Traversal functionality"	:	0,
		"DBE Ranking"			:	0,
		"Clustering"			:	3,
		"SPARQL 1.1"			:	3,
		"Nested SELECT"			:	3,
		"Property Paths"		:	3,
		"Provenance"			:	3,
		"Inference"			:	3,
		"TPF Interface"			:	0,
		"(Open) Licensing"		:	2,
		"Development Ongoing"		:	0,
		"Web UI (GUI)"			:	10,
		"Command Line interface (CLI)"	:	3,
		"Release Stable (Commercial)"	:	3,
		"Enterprise Support"		:	3,
		"Public Docker instance"	:	0,
		"Server-side scriptings"	:	3,
		"Cloud Image"			:	0
	

	},

	{
		"store"				: 	"Stardog",
		"CRUD"				:	3,
		"Transactions"			:	3,	
		"Full-text Search"		:	3,
		"Versioning"			:	3,
		"Bulk Loader"			:	3,
		"Typing"			:	3,
		"XML Support"			:	0,
		"Secondary Indexes"		:	3,
		"SQL"				:	0,
		"Triggers"			:	3,
		"Partitioning Methods"		:	0,
		"Replication Methods"		:	3,
		"MapReduce"			:	0,
		"Concurrency"			:	3,
		"Consistency Type"		:	1,
		"Durability"			:	2,
		"Graph Traversal functionality"	:	2,
		"DBE Ranking"			:	1,
		"Clustering"			:	3,
		"SPARQL 1.1"			:	3,
		"Nested SELECT"			:	3,
		"Property Paths"		:	3,
		"Provenance"			:	3,
		"Inference"			:	3,
		"TPF Interface"			:	0,
		"(Open) Licensing"		:	1,
		"Development Ongoing"		:	0,
		"Web UI (GUI)"			:	3,
		"Command Line interface (CLI)"	:	3,
		"Release Stable (Commercial)"	:	3,
		"Enterprise Support"		:	3,
		"Public Docker instance"	:	1,
		"Server-side scriptings"	:	0,
		"Cloud Image"			:	1
	

	},

	{
		"store"				: 	"LDF",
		"CRUD"				:	1,
		"Transactions"			:	0,	
		"Full-text Search"		:	1,
		"Versioning"			:	1,
		"Bulk Loader"			:	3,
		"Typing"			:	0,
		"XML Support"			:	0,
		"Secondary Indexes"		:	0,
		"SQL"				:	0,
		"Triggers"			:	0,
		"Partitioning Methods"		:	2,
		"Replication Methods"		:	0,
		"MapReduce"			:	0,
		"Concurrency"			:	3,
		"Consistency Type"		:	0,
		"Durability"			:	3,
		"Graph Traversal functionality"	:	0,
		"DBE Ranking"			:	0,
		"Clustering"			:	3,
		"SPARQL 1.1"			:	1,
		"Nested SELECT"			:	0,
		"Property Paths"		:	0,
		"Provenance"			:	0,
		"Inference"			:	0,
		"TPF Interface"			:	3,
		"(Open) Licensing"		:	3,
		"Development Ongoing"		:	0,
		"Web UI (GUI)"			:	2,
		"Command Line interface (CLI)"	:	1,
		"Release Stable (Commercial)"	:	0,
		"Enterprise Support"		:	0,
		"Public Docker instance"	:	3,
		"Server-side scriptings"	:	0,
		"Cloud Image"			:	0
	

	}
	]

}











